username,mean_nl_1k,mean_nl_all,mean_yl_1k,mean_yl_all,mean_nl_1k_rank,mean_nl_all_rank,mean_yl_1k_rank,mean_yl_all_rank
jay,-0.045000000000000054,0.21785714285714283,-0.008717948717948749,0.2869230769230769,,,,
deathproof,-0.1958333333333333,0.0652083333333333,-0.23450000000000001,-0.03933333333333334,,,,
davidehrlich,-0.33017543859649123,-0.15087719298245614,-0.36689655172413793,-0.19517241379310346,,,,
thejoshl,-0.9970588235294117,-0.7980392156862746,-1.1842622950819672,-0.9699999999999999,,,,
colonelmortimer,-0.8650877192982457,-0.6561403508771929,-0.8650877192982457,-0.6561403508771929,,,,
superpulse,0.6348,0.8230000000000001,0.5745098039215687,0.7539215686274511,,,,
zoerosebryant,1.8694,2.0168,1.6677049180327872,1.7877049180327869,,,,
davidlsims,0.28387096774193543,0.42645161290322575,0.28387096774193543,0.42645161290322575,,,,
jaragon23,0.5655,0.767,0.49178571428571427,0.6571428571428571,,,,
sapphicquinn,0.6788235294117646,0.8194117647058823,0.23666666666666675,0.4375757575757576,,,,
tototoro,0.23199999999999998,0.3505,0.09235294117647061,0.20264705882352943,,,,
jonathanfujii,0.19409090909090912,0.44909090909090915,0.6563636363636364,0.8274999999999999,,,,
dirkh,1.350625,1.54125,0.6251724137931035,0.7989655172413792,,,,
itsrambb,1.6153846153846154,1.7773076923076923,1.6211538461538462,1.7623076923076926,,,,
stk5,0.363125,0.6043749999999999,0.11434782608695651,0.30999999999999994,,,,
eely,0.1541176470588237,0.3976470588235294,-0.20043478260869563,0.0006521739130434836,,,,
elementarii,-0.6566666666666666,-0.565,-0.94,-0.6631818181818182,,,,
mrmoviesrd,0.6320588235294117,0.8500000000000002,0.7534000000000001,0.9793999999999999,,,,
kun,-0.1097368421052632,0.07789473684210524,0.06416666666666665,0.2389583333333333,,,,
willhunting,1.1568421052631581,1.3273684210526315,0.5755263157894737,0.7452631578947368,,,,
hollieamanda,-0.10083333333333339,0.1787500000000001,0.04852941176470589,0.2508823529411765,,,,
ellakemp,0.36999999999999994,0.5570731707317074,0.4206,0.6162,,,,
sethsreviews,1.2077777777777774,1.3466666666666667,0.6466666666666666,0.8225000000000001,,,,
will_sloan,-0.7371428571428572,-0.3028571428571429,-0.85125,-0.48125,,,,
filipe_furtado,-2.8246808510638295,-2.5197872340425533,-2.9395238095238096,-2.6760317460317458,,,,
juggernaut323,0.43000000000000005,0.60125,0.32746031746031745,0.5074603174603174,,,,
timtamtitus,1.185,1.355,0.007187500000000013,0.3271875,,,,
jlalibs,-0.3745454545454545,-0.18781818181818183,-0.4544262295081967,-0.24377049180327867,,,,
moviesrtherapy,0.29666666666666663,0.4816666666666667,0.5265384615384615,0.7003846153846154,,,,
menslaughter,1.12375,1.4024999999999999,0.7492307692307693,0.8996153846153846,,,,
nevermore1985,0.71875,0.995,1.232,1.4540000000000002,,,,
seanfennessey,0.14999999999999997,0.3971428571428572,1.0673333333333332,1.324,,,,
screeningnotes,0.2197142857142857,0.4162857142857143,-0.025555555555555543,0.11977777777777777,,,,
kyledunne,0.21000000000000002,0.442,-0.0772549019607843,0.06117647058823528,,,,
niceguys,1.08,1.2383333333333333,0.9544444444444444,1.1792592592592592,,,,
sophiaplanos,0.44027027027027027,0.6348648648648649,0.36214285714285716,0.5751785714285714,,,,
bethanyinfilm,1.0710000000000002,1.206,1.532173913043478,1.6213043478260871,,,,
iovewitch,0.7474999999999999,0.925,1.3,1.508125,,,,
kyloz,0.2521428571428571,0.4757142857142857,0.4895555555555556,0.6886666666666668,,,,
demyvarda,-1.1297058823529411,-0.8844117647058822,-0.9863333333333333,-0.8005,,,,
jjbjr,0.6411111111111111,0.8348148148148148,0.6994444444444445,0.8649999999999999,,,,
alovelynite,0.5670212765957446,0.7863829787234042,0.3390000000000001,0.5165,,,,
whentheometfilm,0.43624999999999997,0.6325000000000001,0.4275,0.6494444444444444,,,,
phrynefisher,1.0923529411764705,1.2594117647058822,0.5075,0.5665625000000001,,,,
gemko,-0.7524074074074073,-0.45537037037037037,-0.8608771929824561,-0.607719298245614,,,,
shookone,-0.8159459459459459,-0.5421621621621622,-1.332909090909091,-1.069090909090909,,,,
yazzjames,0.4678947368421053,0.6763157894736841,0.45181818181818184,0.6057575757575757,,,,
hauntedhippie,0.25000000000000006,0.5353333333333333,0.44071428571428567,0.6546428571428571,,,,
impressionblend,0.8445833333333334,1.045,0.7858181818181817,0.9783636363636364,,,,
ashmatxx,0.26896551724137935,0.5127586206896552,0.4568,0.6496000000000001,,,,
jbird26,1.2774418604651163,1.4767441860465116,1.2686666666666666,1.4673333333333334,,,,
mardarrius,0.2503225806451613,0.5258064516129032,0.6470833333333333,0.868125,,,,
jbouie,-0.05999999999999996,0.09052631578947372,0.2526666666666667,0.418,,,,
sharktale,1.81875,1.9300000000000002,0.9983333333333333,1.1583333333333334,,,,
pointbreakfan,1.183265306122449,1.3616326530612244,1.1525925925925926,1.3074074074074076,,,,
jakeperalta,-0.7414285714285714,-0.5952380952380952,-0.5701694915254237,-0.4091525423728814,,,,
citizenhal,-0.30666666666666675,-0.07599999999999998,-0.5794285714285715,-0.3614285714285714,,,,
rudimh,-0.18857142857142853,-0.06357142857142858,0.4807142857142857,0.6578571428571428,,,,
vontrapp,-1.210980392156863,-1.0103921568627452,-1.155,-0.9478846153846153,,,,
austinburke,1.814358974358974,1.9482051282051283,1.924,2.0613333333333332,,,,
dahans,0.9344444444444444,1.1211111111111112,1.14,1.332826086956522,,,,
cevangelista413,0.8116666666666666,0.9739583333333331,0.7856862745098041,0.9523529411764704,,,,
flynnryder,-0.15612903225806457,0.06322580645161291,-0.6001754385964913,-0.36596491228070177,,,,
jakealdacoffey,1.346382978723404,1.5244680851063828,1.346382978723404,1.5244680851063828,,,,
adaydreaming,0.025833333333333302,0.27749999999999997,-0.9658333333333332,-0.7013888888888888,,,,
cathyk,0.465,0.678125,0.47435897435897434,0.6687179487179487,,,,
briantt,0.7333870967741936,0.8885483870967741,0.7211111111111111,0.8696825396825397,,,,
theblogosfear,-2.32,-1.29,-2.946,-2.7640000000000002,,,,
annanomaly,0.42919354838709683,0.6296774193548388,0.41738461538461546,0.6033846153846155,,,,
letmeexplain,1.2055,1.375,1.0608695652173912,1.2465217391304346,,,,
zaragwen,1.1311111111111112,1.2466666666666666,0.9580769230769233,1.1459615384615385,,,,
chrisvfeil,-0.37688524590163935,-0.21393442622950823,-0.33258064516129027,-0.1662903225806452,,,,
chloeac,1.1063636363636362,1.3245454545454545,0.9412820512820513,1.076153846153846,,,,
lucyskeet,1.4612500000000002,1.7356249999999998,0.7465789473684211,0.9565789473684209,,,,
oppenmommy,0.11285714285714288,0.36035714285714276,0.18078431372549017,0.3682352941176471,,,,
reibureibu,0.3944444444444445,0.44333333333333336,0.368,0.5385,,,,
behaind,-0.36687500000000006,-0.11437499999999999,-0.26692307692307693,-0.005641025641025617,,,,
martinisheen,1.9744444444444444,1.9944444444444445,0.45153846153846156,0.6657692307692307,,,,
tylercwhitmore,0.805,1.061,0.5293103448275862,0.7158620689655173,,,,
punchdrunklizzy,0.08785714285714288,0.3435714285714285,-0.36533333333333334,-0.1856666666666667,,,,
jacobknight,0.2615555555555556,0.4411111111111111,0.30938775510204086,0.49999999999999994,,,,
brianformo,-0.632,-0.4008,-0.5538888888888889,-0.3133333333333333,,,,
nolanscheetz,0.6163157894736842,0.743157894736842,0.8153999999999999,0.9748,,,,
darkestparadise,0.31500000000000006,0.16999999999999998,-0.7058333333333333,-0.4808333333333333,,,,
peterstanley,-0.9794736842105263,-0.6905263157894737,-1.5760526315789474,-1.2236842105263157,,,,
lastcooldude,0.48636363636363633,0.6654545454545455,0.2154098360655738,0.40983606557377045,,,,
itissofi,0.6941666666666665,0.945,0.7362962962962961,0.9262962962962962,,,,
kevinyang,-0.3884482758620689,-0.17758620689655172,-0.3496610169491525,-0.13338983050847456,,,,
blackswannss,2.0799999999999996,2.103333333333333,1.8413333333333333,1.884,,,,
willhollis,0.3594117647058823,0.5794117647058823,0.7675555555555555,0.9631111111111109,,,,
nickwibert,-0.04432432432432433,0.13621621621621627,-0.16119999999999998,0.0342,,,,
riley_danson,0.0846,0.2864,0.10915254237288133,0.28593220338983055,,,,
mitchell,-1.326909090909091,-1.0901818181818181,-1.4574999999999998,-1.2406666666666666,,,,
neorapp,0.11,0.16,0.2911111111111111,0.48888888888888904,,,,
fint,1.1436363636363636,1.345909090909091,0.9030232558139535,1.1025581395348836,,,,
jeremy_crabb,1.478360655737705,1.6370491803278688,1.3890625,1.5525,,,,
heredicarrie,-0.5946153846153845,-0.2938461538461538,-0.03225806451612903,0.29935483870967744,,,,
jefleppard,-0.135,0.26,-0.43083333333333335,-0.15416666666666662,,,,
trey_northcutt,1.0428260869565218,1.2210869565217393,0.7347619047619047,0.9141269841269842,,,,
bennhorror,2.2350000000000003,2.31,1.7777777777777777,1.9788888888888891,,,,
jackwakelin,0.7908571428571427,0.9677142857142859,0.9072727272727272,1.0825454545454547,,,,
phntmthrd,-0.018235294117646995,0.19588235294117642,0.20571428571428577,0.43285714285714283,,,,
jotyco,0.2157446808510638,0.4270212765957447,0.03905660377358489,0.22962264150943396,,,,
bigmeller,1.5266666666666664,1.7588888888888887,1.1210000000000002,1.3663333333333334,,,,
carygrcnt,0.6603225806451613,0.8274193548387097,0.625,0.8335416666666665,,,,
scrumblebunny,0.8216666666666667,1.0186111111111111,0.7452941176470589,0.9472549019607843,,,,
alaynaviolet,0.6272413793103447,0.866206896551724,0.7420408163265306,0.976734693877551,,,,
rpj,-0.11466666666666668,0.14733333333333334,0.28107142857142864,0.5560714285714285,,,,
cherryz,-1.0599999999999998,-0.5,-0.31199999999999994,0.10800000000000001,,,,
astoehr,-1.921,-1.466,-2.0704,-1.7548,,,,
dannywebster,0.265,0.538,0.13866666666666666,0.4246666666666667,,,,
locarbmonster,1.8029032258064517,1.9409677419354838,1.5582051282051281,1.6907692307692308,,,,
tdm5003,0.6542424242424243,0.8993939393939393,0.92225,1.1395,,,,
theanglosaxon,1.3333333333333333,1.5633333333333332,1.2239622641509436,1.3622641509433964,,,,
wraithape,-0.2100000000000001,0.10142857142857142,-0.41214285714285726,-0.13857142857142857,,,,
carter1331,1.9593333333333334,2.0806666666666667,1.5615789473684212,1.7905263157894737,,,,
willmoviefan97,1.6676271186440679,1.8111864406779663,1.6593442622950823,1.807049180327869,,,,
nicknaney,-0.06725490196078437,0.11235294117647056,-0.13423728813559327,0.0376271186440678,,,,
daveleedu,2.1606666666666663,2.3733333333333335,1.3973684210526314,1.6157894736842107,,,,
whateverokay,0.9862962962962962,1.1759259259259258,0.9458333333333333,1.1041666666666667,,,,
christofn,-0.39041666666666663,-0.1841666666666667,-0.145625,0.0715625,,,,
calum_marsh,-1.7007407407407409,-1.3022222222222224,-1.6593750000000003,-1.3003125,,,,
sprizzle,0.4427272727272728,0.5986363636363637,0.4281632653061225,0.563061224489796,,,,
genatossio30001,-0.766875,-0.49500000000000005,-0.8481578947368422,-0.5157894736842106,,,,
jackking888,0.39625,0.7250000000000001,1.4179487179487178,1.6205128205128205,,,,
jewbees12,0.937,1.141,0.9174358974358975,1.1207692307692307,,,,
entlauber,1.3122222222222222,1.482222222222222,-0.8305263157894739,-0.6076315789473683,,,,
billgriff,-0.5980952380952381,-0.3761904761904762,0.3585714285714286,0.556734693877551,,,,
pondragon,0.9049999999999999,1.0753333333333335,0.6377499999999999,0.7942500000000001,,,,
aliciadaphnex,-0.3865,-0.15099999999999997,-0.07897959183673468,0.1295918367346939,,,,
h4nnuh,3.09,3.3449999999999998,1.0336842105263155,1.2021052631578948,,,,
greg_wood,0.49624999999999997,0.61875,0.32693877551020406,0.5218367346938776,,,,
therealbat,1.38,1.79,1.081764705882353,1.2741176470588236,,,,
mumbles,-0.07954545454545456,0.1304545454545454,0.08871794871794872,0.27435897435897433,,,,
rockmarooned,0.3650847457627118,0.5767796610169492,0.39790322580645165,0.6100000000000001,,,,
tommysyk,1.2251851851851854,1.365185185185185,0.9621951219512196,1.0951219512195123,,,,
realhenryb,-0.6289473684210526,-0.36078947368421055,-0.35363636363636364,-0.08872727272727272,,,,
etienneone,0.2870588235294117,0.4776470588235295,0.315,0.5330769230769231,,,,
dannyboyff,0.7451515151515151,0.8960606060606061,0.958076923076923,1.1159615384615384,,,,
nickatkinson,0.13461538461538458,0.336923076923077,0.175,0.39531249999999996,,,,
ashleepradella,0.5537037037037037,0.7607407407407407,0.4164444444444445,0.6500000000000001,,,,
justjoshings,1.4190476190476191,1.647142857142857,1.1494594594594596,1.4043243243243244,,,,
sublimeken,0.6897435897435898,0.8589743589743589,0.35951612903225805,0.5706451612903225,,,,
seamus_malek,0.4600000000000001,0.652,-0.4323529411764706,-0.22235294117647064,,,,
rebeccajohnsonx,0.8484848484848485,1.0275757575757574,1.194915254237288,1.3955932203389831,,,,
martyk0015mp,1.4025,1.5643749999999996,0.7142857142857143,1.0279999999999998,,,,
jackheavin,1.3299999999999998,1.4855555555555557,1.1345,1.32725,,,,
moviemegs,1.532,1.7850000000000001,1.133181818181818,1.298181818181818,,,,
hirxeth,-0.008124999999999993,0.21187500000000004,0.11333333333333331,0.2996666666666667,,,,
slutlv,-2.8866666666666667,-2.316666666666667,-1.5825000000000002,-1.3075,,,,
kalvinlying,1.089333333333333,1.2766666666666666,0.3684090909090909,0.6124999999999999,,,,
erspamer_matt,-1.1121153846153844,-0.87,-1.1651785714285712,-0.9492857142857142,,,,
_lydiogames,-1.7087878787878785,-1.3869696969696967,-1.650689655172414,-1.3598275862068967,,,,
jakie_jake,-0.22083333333333333,-0.012499999999999983,0.0054285714285714146,0.2088571428571429,,,,
oljack_burton,1.5400000000000003,1.6957142857142857,1.65,1.7663888888888888,,,,
brashbelle,-0.16210526315789475,0.0678947368421053,-0.29357142857142854,-0.04714285714285712,,,,
swarnim_thapa10,1.7299999999999998,1.7840000000000003,1.493157894736842,1.6873684210526316,,,,
kitrv,1.2181818181818183,1.3863636363636362,1.2055,1.38425,,,,
lilliancrawford,-0.9658620689655173,-0.7,-1.1729729729729732,-0.9421621621621622,,,,
eddiebergman,0.5495,0.6819999999999999,0.4107142857142857,0.5854761904761905,,,,
thesherminator,-0.24755102040816324,-0.06265306122448976,-0.5725,-0.3608333333333333,,,,
brianrowe,1.0285,1.2375,0.9863636363636363,1.1836363636363636,,,,
kevlarx,0.34400000000000003,0.5650000000000001,0.07098039215686276,0.2652941176470589,,,,
brookeburns,0.6702941176470588,0.8585294117647059,0.7592307692307692,0.9053846153846153,,,,
johnholmes,0.545625,0.7756250000000001,0.545142857142857,0.7474285714285714,,,,
bananapudding,1.0199999999999998,1.2916666666666667,0.8514285714285715,1.0785714285714287,,,,
mattluvsmovies,1.3199999999999998,1.4460000000000002,1.150277777777778,1.298888888888889,,,,
gleek,1.184,1.3679999999999999,0.22920000000000004,0.41840000000000005,,,,
buffedfilmbuff,0.25722222222222224,0.4172222222222222,0.4314893617021277,0.6117021276595744,,,,
fgdalmeida,1.211875,1.306875,1.3966666666666667,1.5090476190476192,,,,
vishnevetsky,-0.5533333333333333,-0.26125,-0.6208,-0.3588,,,,
mrbalihai,-2.32,-2.038,-1.8559999999999997,-1.608,,,,
joejatcko,-1.4259374999999999,-1.1875,-1.0973469387755102,-0.8724489795918368,,,,
cineminx,-0.2883333333333333,0.19999999999999998,0.5093333333333333,0.6789999999999999,,,,
v6446v,,,,,,,,
raveness,0.4496666666666666,0.6803333333333335,0.4282608695652175,0.6189130434782609,,,,
ghettomusick,-3.15,-2.646666666666667,-3.897272727272728,-3.4672727272727273,,,,
zshevich,0.7710526315789473,0.9668421052631578,0.7285714285714285,0.9104761904761905,,,,
zaaayn,2.51,2.71,1.474375,1.5474999999999999,,,,
hottoiletwater,-0.11500000000000003,0.10458333333333336,0.00750000000000003,0.19499999999999998,,,,
ryanbingham,-0.003999999999999978,0.1928571428571428,0.19239130434782617,0.3858695652173913,,,,
ed_w00d,1.1208333333333331,1.3202777777777779,0.9698245614035087,1.1742105263157896,,,,
michelcvg,-0.5476,-0.3239999999999999,-0.6653703703703704,-0.4448148148148149,,,,
mikeyb98,0.21105263157894746,0.3868421052631578,0.2728813559322035,0.44,,,,
miaebaker,1.136,1.3739999999999999,1.168421052631579,1.2921052631578949,,,,
hayal12,-0.8975,-0.7675000000000001,-0.5263265306122448,-0.3691836734693877,,,,
savage_,0.75,1.04,1.57625,1.81375,,,,
lmr,0.003225806451612892,0.1590322580645161,0.10255813953488373,0.29651162790697677,,,,
rachels_reviews,-0.3404651162790698,-0.12581395348837213,-0.23448979591836733,-0.027551020408163287,,,,
theorollason,-0.17820512820512824,0.003333333333333399,-0.19604166666666667,-0.006041666666666649,,,,
ilaricciolina,-0.20499999999999996,-0.08000000000000007,1.066875,1.3175,,,,
darrenfx,0.48714285714285716,0.7457142857142857,0.26137931034482764,0.5006896551724138,,,,
superbardibros,0.20666666666666675,0.4346666666666667,0.4074358974358975,0.6415384615384616,,,,
nopersonality,,,-4.035,-3.87,,,,
victordurval,-0.43818181818181823,-0.14818181818181822,0.04299999999999997,0.2753333333333333,,,,
simplecinema,0.9513333333333333,1.1780000000000002,0.5555172413793104,0.7382758620689656,,,,
cinemacollector,0.42888888888888893,0.5794444444444444,0.47171428571428564,0.6431428571428571,,,,
jfrankensteiner,-2.3492307692307692,-2.134230769230769,-2.5536666666666665,-2.3313333333333333,,,,
dedward,-0.7737499999999999,-0.45749999999999996,-0.36846153846153845,0.008461538461538418,,,,
danielzalez,-0.7605882352941178,-0.37058823529411766,-1.0308333333333335,-0.67875,,,,
ilsuey,-0.6033333333333334,0.10000000000000002,0.746551724137931,0.9982758620689653,,,,
deanmfjones,0.7774358974358976,0.9351282051282053,0.6322500000000001,0.82025,,,,
mogwai_synth,0.64,0.8280952380952381,0.4932258064516129,0.7206451612903225,,,,
petricor,-1.3449999999999998,-1.0675000000000001,-1.011142857142857,-0.7634285714285713,,,,
ptapat,-0.9725000000000001,-0.7635714285714287,-0.9597058823529411,-0.7076470588235295,,,,
keeganwalker15,-0.15352941176470591,0.0611764705882353,0.26162162162162156,0.4983783783783784,,,,
cyman,0.4416,0.7719999999999999,0.7225581395348838,0.9744186046511628,,,,
mitchxsns,-0.98,-0.5862499999999999,0.03609374999999996,0.27031250000000007,,,,
sergioalpendre,-2.5305882352941174,-2.3176470588235287,-2.967826086956522,-2.6482608695652172,,,,
mrpeepers,1.415,1.5825,1.09,1.2733333333333334,,,,
dustin_b,1.0030000000000001,1.142,0.575,0.7520833333333332,,,,
gubarenko,1.8499999999999999,2.005882352941177,1.739672131147541,1.8929508196721312,,,,
karekano,-0.6427272727272727,-0.4218181818181817,-0.22812499999999997,-0.03531249999999998,,,,
brettandjb,0.38875000000000004,0.53,0.1064864864864865,0.2575675675675676,,,,
frankenlotter,1.7608695652173914,1.9086956521739133,1.787222222222222,1.9166666666666667,,,,
uusss15,0.74,1.01,0.5484375,0.675,,,,
ajblack,1.2246428571428571,1.4142857142857144,0.9627450980392158,1.1060784313725491,,,,
vaiouu,1.4212500000000001,1.7825,0.46479166666666666,0.6647916666666667,,,,
matthewlb,1.0486046511627907,1.284418604651163,0.603225806451613,0.7806451612903226,,,,
hudsonrocks,-0.5008333333333334,-0.14666666666666664,-1.0058333333333334,-0.7275,,,,
willas,-1.3392857142857142,-1.1041071428571425,-1.2551562500000002,-1.0012500000000002,,,,
sylvainl,-1.7703703703703706,-1.4096296296296298,-1.7803125000000002,-1.4187500000000002,,,,
twincoves,0.09193548387096778,0.2725806451612903,0.2602040816326531,0.42530612244897964,,,,
suspirianknight,0.056874999999999995,0.171875,-0.18848484848484856,0.015454545454545462,,,,
stephen_ny,0.42625,0.57125,0.5223076923076923,0.7115384615384616,,,,
direktionz,-0.05499999999999994,0.20428571428571424,0.31678571428571434,0.5642857142857143,,,,
jdtheprezodent,1.2129999999999999,1.4499999999999997,1.5599999999999998,1.7738095238095237,,,,
benradetski,-1.964347826086957,-1.7343478260869565,-1.5642424242424242,-1.3103030303030303,,,,
euanharris200,0.1992307692307692,0.3523076923076923,0.5020754716981132,0.7064150943396226,,,,
adil12uu,0.6111111111111112,0.7988888888888889,0.6207142857142857,0.8014285714285715,,,,
cinephile_chase,0.4707142857142857,0.7435714285714285,1.209375,1.4378125,,,,
dreyuhsanchez,0.3421739130434782,0.523913043478261,0.08524999999999998,0.321,,,,
herb_gallow,-1.373125,-1.063125,-1.0559999999999998,-0.8309999999999998,,,,
antonwalbrook,-0.9627272727272728,-0.7618181818181817,-0.7524999999999998,-0.5432142857142856,,,,
electricwizardx,-1.2364285714285717,-0.985,-0.8522222222222223,-0.5803703703703704,,,,
dantesring,1.043125,1.1975000000000002,0.9303703703703703,1.0388888888888888,,,,
tschutzer,0.9625,1.1302499999999998,0.9743859649122806,1.1671929824561404,,,,
acbrew,-1.2950000000000002,-1.05,-0.9848275862068966,-0.7303448275862069,,,,
fakerobhunter,0.33907407407407403,0.5714814814814815,0.30964285714285716,0.5200000000000001,,,,
maxrpower,1.1046666666666667,1.2933333333333334,0.9424999999999999,1.105,,,,
furiarte02,0.24033333333333334,0.45933333333333337,0.46660377358490573,0.7016981132075472,,,,
aubra_,0.6733333333333333,1.0966666666666667,-0.6970588235294118,-0.38352941176470584,,,,
houch,0.19404761904761905,0.40214285714285714,-0.04448275862068967,0.16965517241379313,,,,
sloanepeterson,1.7358536585365854,1.890731707317073,1.540769230769231,1.6944230769230768,,,,
stellaperry,0.38999999999999996,0.6125,0.3164102564102564,0.5294871794871795,,,,
ltgruber,1.0150000000000001,1.25,0.616,0.901,,,,
irabrooker,,,,,,,,
joshuasorensen,-0.12948717948717944,0.052307692307692354,0.25431372549019615,0.4405882352941176,,,,
freazypeach,1.6800000000000002,1.87,1.6616666666666668,1.875,,,,
agadorspartacus,1.2395833333333333,1.4479166666666667,1.252051282051282,1.4435897435897436,,,,
juliodogpit,,,,,,,,
mayhemkvlt,,,-0.98,-0.7633333333333333,,,,
dionwyn,-0.02296296296296289,0.18925925925925924,-0.18634920634920626,0.021746031746031756,,,,
ikheetmark,-0.741860465116279,-0.48255813953488375,-0.6354545454545455,-0.3903636363636364,,,,
sodacreekfilm,1.104318181818182,1.2750000000000001,0.7476923076923079,0.9255384615384616,,,,
gustavmenezes,-0.5564285714285714,-0.2571428571428571,-1.1993939393939392,-1.023939393939394,,,,
pagnilayan,0.26333333333333325,0.5511111111111111,0.469,0.6975,,,,
lowbacca,-0.46000000000000013,-0.22666666666666666,0.13333333333333328,0.21333333333333335,,,,
paperbackspugs,0.48000000000000004,0.6575,1.0976923076923077,1.2492307692307691,,,,
valenvstheworld,1.1170588235294117,1.2694117647058822,0.5609999999999999,0.6969999999999998,,,,
finchsam,-0.15481481481481477,0.09037037037037035,0.18025000000000002,0.4342499999999999,,,,
smarmyjerkface,1.0,1.2663636363636366,1.1914285714285715,1.337142857142857,,,,
agadorspartacus,1.2395833333333333,1.4479166666666667,1.252051282051282,1.4435897435897436,,,,
juliodogpit,,,,,,,,
mayhemkvlt,,,-0.98,-0.7633333333333333,,,,
dionwyn,-0.02296296296296289,0.18925925925925924,-0.18634920634920626,0.021746031746031756,,,,
ikheetmark,-0.741860465116279,-0.48255813953488375,-0.6354545454545455,-0.3903636363636364,,,,
sodacreekfilm,1.104318181818182,1.2750000000000001,0.7476923076923079,0.9255384615384616,,,,
gustavmenezes,-0.5564285714285714,-0.2571428571428571,-1.1993939393939392,-1.023939393939394,,,,
pagnilayan,0.26333333333333325,0.5511111111111111,0.469,0.6975,,,,
lowbacca,-0.46000000000000013,-0.22666666666666666,0.13333333333333328,0.21333333333333335,,,,
paperbackspugs,0.48000000000000004,0.6575,1.0976923076923077,1.2492307692307691,,,,
valenvstheworld,1.1170588235294117,1.2694117647058822,0.5609999999999999,0.6969999999999998,,,,
finchsam,-0.15481481481481477,0.09037037037037035,0.18025000000000002,0.4342499999999999,,,,
smarmyjerkface,1.0,1.2663636363636366,1.1914285714285715,1.337142857142857,,,,
vincentprince,-2.3548387096774195,-2.0296774193548384,-2.2913513513513513,-1.9967567567567566,,,,
arnavlegofan29,0.12615384615384617,0.27923076923076917,0.42130434782608694,0.6315217391304347,,,,
graysonity,-0.5977777777777777,-0.3933333333333333,-0.3109615384615384,-0.10134615384615382,,,,
casketface,-0.3741666666666666,-0.14749999999999996,0.13378378378378378,0.36432432432432427,,,,
gorybmovie,1.3257142857142856,1.4842857142857144,0.9787499999999999,1.081875,,,,
yo_roboto,0.22173913043478263,0.5047826086956522,0.11944444444444444,0.37777777777777777,,,,
kj004,0.4066666666666668,0.6053333333333334,0.47413043478260875,0.6780434782608696,,,,
keenan_mt,0.787,1.0079999999999998,0.8545454545454546,1.065909090909091,,,,
ponbac,0.2749999999999999,0.48,0.6638461538461539,0.9215384615384615,,,,
yarjka,0.7810714285714286,0.9625,0.47368421052631576,0.6721052631578948,,,,
kjdson,1.08,1.1179999999999999,1.1953333333333334,1.2713333333333334,,,,
sarahstubbssays,2.072857142857143,2.242142857142857,1.417894736842105,1.61,,,,
zrshelton,0.09153846153846154,0.33,0.6808888888888889,0.848,,,,
jessedixon,-0.3066666666666667,-0.12444444444444445,0.29444444444444445,0.5373333333333333,,,,
abovemegan,0.07592592592592595,0.3270370370370371,-0.027222222222222234,0.23027777777777775,,,,
zachtr,1.0414285714285714,1.2750000000000001,1.4314814814814814,1.629259259259259,,,,
parakerman,-3.5120000000000005,-2.712,-2.5666666666666664,-2.094761904761905,,,,
bengrayeyard,1.0285714285714287,1.304285714285714,0.31714285714285717,0.5592857142857143,,,,
sean_cordy,0.5752272727272727,0.7331818181818182,0.5023529411764706,0.6627450980392158,,,,
mollylaich,-1.2393333333333336,-0.8946666666666665,-0.98,-0.6711111111111111,,,,
emilybabyy,1.6956666666666667,1.8093333333333335,1.5154761904761904,1.6233333333333335,,,,
speederaserhead,0.16499999999999992,0.3599999999999999,-0.3426666666666666,-0.08266666666666668,,,,
thommy1801,0.3718181818181818,0.5545454545454546,0.22529411764705884,0.43137254901960786,,,,
danadanger,0.09285714285714283,0.4742857142857143,0.07874999999999997,0.38,,,,
ruth,0.22307692307692303,0.6376923076923077,-0.8033898305084745,-0.5754237288135593,,,,
foxelfprincess,-1.07,-0.98125,-1.8625,-1.7241666666666664,,,,
oneepiexe,-0.975,-0.756,-0.5759615384615384,-0.2932692307692308,,,,
protolexus,-0.034999999999999996,0.23666666666666666,0.2014285714285714,0.41485714285714287,,,,
caseyjv,0.725,0.8629166666666667,0.45738095238095233,0.6076190476190476,,,,
scottrenshaw,-0.07316666666666666,0.11250000000000003,-0.07316666666666666,0.11250000000000003,,,,
__matheus__,0.5757142857142858,0.9342857142857144,0.5418421052631579,0.6760526315789473,,,,
mcp_daskino,0.82375,1.006875,0.7466666666666666,0.8792307692307693,,,,
troythrace,-0.05342857142857144,0.05714285714285709,0.10478260869565215,0.23804347826086958,,,,
busiestphilipps,-0.9075609756097561,-0.608780487804878,-0.8176363636363636,-0.5285454545454545,,,,
djtylerswift,0.026734693877550966,0.20999999999999994,0.3247692307692307,0.49692307692307697,,,,
chichobutt89,1.6554545454545455,1.8781818181818186,1.892105263157895,2.0978947368421053,,,,
jake84,0.8351999999999999,1.0624,0.7476744186046511,0.9088372093023256,,,,
nocopzone,-1.5283333333333335,-1.468333333333333,-1.81,-1.595,,,,
immortan_scott,1.2420689655172412,1.3655172413793104,1.10296875,1.2460937499999998,,,,
modish,0.53075,0.74725,0.5896363636363636,0.796,,,,
fakevoorhees,0.5091666666666667,0.7241666666666666,0.6468421052631579,0.8421052631578947,,,,
thefavouritw,0.3604761904761904,0.6338095238095237,0.56675,0.8102499999999999,,,,
ptacekethx,2.107,2.216,2.158666666666667,2.3106666666666666,,,,
mayofrommars,1.261111111111111,1.4599999999999997,1.216521739130435,1.3643478260869564,,,,
the_rock,0.508888888888889,0.7405555555555555,0.4592,0.6503999999999999,,,,
_ruckerish,0.09750000000000002,0.3144642857142857,0.08701754385964913,0.3056140350877193,,,,
jakepetroski,,,,,,,,
tylerharris,-0.004347826086956661,0.3273913043478261,-0.2285185185185186,0.07925925925925928,,,,
hotdonkeybear,1.3829629629629632,1.5640740740740742,1.1547368421052633,1.292894736842105,,,,
selinale,0.3389999999999999,0.6074999999999999,0.2804166666666666,0.5337500000000001,,,,
pstalbot,1.7609374999999998,1.9356250000000002,1.4300000000000002,1.5737704918032789,,,,
filmrodolfo,0.6763333333333333,0.9073333333333333,0.5576595744680851,0.7648936170212765,,,,
axelhagne,-0.28047619047619043,0.02238095238095241,0.10387096774193551,0.33193548387096783,,,,
vishwaskverma,1.6977777777777776,1.9127777777777777,1.253235294117647,1.427941176470588,,,,
markman05,0.5985185185185186,0.7870370370370372,0.9418518518518518,1.0855555555555556,,,,
erinbacon,0.705483870967742,0.9203225806451614,0.2628846153846154,0.5196153846153846,,,,
luhvni,,,0.7266666666666667,0.9933333333333335,,,,
chasemit,0.7041176470588235,0.93,0.6983870967741935,0.9116129032258063,,,,
carolynsadler,0.41100000000000003,0.694,0.8531578947368421,1.0873684210526315,,,,
onno,0.6371428571428572,0.8196428571428572,0.8478846153846155,1.0174999999999998,,,,
cvrmenita,0.5817241379310344,0.8327586206896551,0.5423076923076923,0.7592307692307692,,,,
fliptrotsky,-1.612857142857143,-1.3242857142857145,-1.604126984126984,-1.3263492063492064,,,,
yandico,-0.78,-0.5119999999999999,-0.9174074074074076,-0.6366666666666666,,,,
senswinthecup,3.42,3.425,1.65,1.89875,,,,
jjoey,-0.19,0.01599999999999995,-0.4436363636363636,-0.1418181818181818,,,,
m_penalosa,-3.9883333333333333,-3.6516666666666673,-4.214705882352941,-3.8835294117647066,,,,
nachtwaechter,0.6350000000000001,0.8066666666666666,0.3518181818181818,0.55,,,,
bummer_buddy,-0.6519999999999999,-0.3475,-0.40342857142857147,-0.17628571428571427,,,,
philosopherouge,-0.21999999999999997,0.04125000000000004,-0.4004000000000001,-0.16880000000000003,,,,
tahsun,-1.9739999999999998,-1.7380000000000002,-2.39,-1.886,,,,
kanemutiny,-0.23851851851851855,-0.009629629629629556,-0.01224999999999996,0.21375000000000002,,,,
fleamarked,-0.48000000000000004,-0.23777777777777775,-0.48076923076923084,-0.2130769230769231,,,,
mikbanerjee,0.5475,0.70875,-0.14124999999999996,0.17375,,,,
gerryhartman,0.3871428571428571,0.5942857142857143,0.5225,0.7662500000000001,,,,
richmond_hill,-3.53,-3.195,-3.2075,-2.675,,,,
smtvash,-0.06025641025641027,0.10307692307692307,0.23468085106382977,0.39361702127659576,,,,
cramer_k,-0.6189130434782608,-0.32673913043478264,-0.8056666666666668,-0.6066666666666668,,,,
annikash,0.1860869565217392,0.4295652173913043,0.2991111111111111,0.4591111111111112,,,,
kieronsreviews,-0.58,-0.2,1.3715,1.5615,,,,
paradoxdl,1.1990384615384615,1.3926923076923077,1.1238095238095238,1.2868253968253967,,,,
christianalec94,0.27555555555555555,0.430952380952381,0.22609374999999998,0.3846875,,,,
dedingsda,-0.1785714285714287,-0.0014285714285715567,-0.8458333333333333,-0.5820833333333334,,,,
the_greek_geek,1.6060000000000003,1.716,0.8726666666666667,0.9886666666666667,,,,
mrjago,0.5023076923076923,0.6296153846153847,0.19974358974358974,0.34384615384615386,,,,
sting,-0.870943396226415,-0.610377358490566,-0.8017460317460319,-0.5842857142857143,,,,
heavynissen,1.34,1.5675,1.5636666666666668,1.6956666666666667,,,,
imspoofy,0.9404999999999999,1.1625,0.8357142857142856,0.9821428571428573,,,,
themozzfather,0.17333333333333334,0.18666666666666668,0.24555555555555555,0.4911111111111111,,,,
migblah,-6.17,-5.484999999999999,-6.316,-5.6899999999999995,,,,
matthias_812,0.11090909090909093,0.35727272727272735,0.2716216216216216,0.5410810810810812,,,,
rookj,1.4839999999999998,1.636,1.545,1.7238235294117648,,,,
mousterpiece,0.181025641025641,0.35846153846153844,0.154390243902439,0.33902439024390246,,,,
matthew,0.6435897435897436,0.88,0.3506779661016949,0.5433898305084747,,,,
cineronin,1.12,1.258,1.0388235294117647,1.174705882352941,,,,
ronr3xxx,0.6000000000000001,0.8229411764705882,0.6576923076923078,0.8378846153846152,,,,
lucasblalock,-0.04200000000000004,0.1749999999999999,0.5279166666666667,0.8158333333333333,,,,
sandwichloaf,-0.13,0.08333333333333333,0.37,0.6971428571428572,,,,
pirateneckbeard,0.43105263157894735,0.6057894736842107,0.3089285714285714,0.5671428571428573,,,,
hsblechman,0.3109090909090909,0.5463636363636364,0.16486486486486487,0.35513513513513506,,,,
brokeboyinfilm,1.3428571428571427,1.5457142857142856,1.3841666666666668,1.5572222222222223,,,,
jordanmbking,0.8712903225806452,1.0093548387096776,1.0326086956521738,1.213695652173913,,,,
cameronh,1.0258823529411762,1.1352941176470586,0.39046511627906977,0.5444186046511629,,,,
braydenshea,0.7976923076923078,0.94,0.13744186046511625,0.4227906976744187,,,,
bengrimm,1.046315789473684,1.2647368421052632,0.9728,1.2136,,,,
warhawk,0.5399999999999999,0.7166666666666667,-0.06424242424242427,0.07909090909090907,,,,
geeman81,0.7491666666666669,0.9683333333333334,0.5880434782608696,0.7654347826086957,,,,
danboyle86,1.4533333333333334,1.6300000000000001,0.7372222222222222,0.9961111111111111,,,,
liamviii,0.49636363636363634,0.7322727272727273,0.7713888888888888,0.9816666666666668,,,,
w0ndercinema,1.187142857142857,1.428095238095238,0.9775000000000001,1.199090909090909,,,,
transcendedpat,-2.155,-1.1849999999999998,-0.04708333333333331,0.295,,,,
sammeltzer,0.026521739130434797,0.19173913043478258,0.20243243243243247,0.36864864864864866,,,,
nibiru_truth,-0.8220000000000001,-0.49700000000000005,-0.9705263157894736,-0.7542105263157896,,,,
lautengcokj,0.7963157894736842,1.0373684210526317,1.0708571428571427,1.2728571428571427,,,,
stephenage,-1.8475000000000001,-1.702,-1.121923076923077,-0.9580769230769233,,,,
ethan_mateo,0.2369565217391304,0.4126086956521739,0.45642857142857146,0.6704761904761904,,,,
indiasfilms,0.0991666666666667,0.38166666666666665,0.06272727272727274,0.2665909090909091,,,,
geneparmesan,-0.5677777777777778,-0.31416666666666665,-0.7218604651162791,-0.4986046511627906,,,,
mskiesha,1.8279999999999998,2.024,1.3988888888888888,1.5811111111111111,,,,
pudgymccabe,,,-0.36250000000000004,-0.007500000000000007,,,,
shutupmikeginn,0.3186363636363636,0.5286363636363636,0.42866666666666664,0.6356666666666667,,,,
itsdrewclark,0.8872222222222221,1.1233333333333333,1.1610714285714285,1.383214285714286,,,,
slig001,0.835,1.085,-0.2924999999999999,-0.03833333333333333,,,,
worsethan,0.16000000000000003,0.41437500000000005,-0.038750000000000014,0.12416666666666665,,,,
johncassavetes,-0.0992857142857143,0.2614285714285715,-0.14149999999999993,0.18450000000000005,,,,
balanders,1.3836000000000002,1.5084,1.144782608695652,1.2730434782608695,,,,
man_out_of_time,1.8877777777777776,2.111111111111111,0.4991176470588236,0.5658823529411764,,,,
thejacko,0.6411538461538461,0.8411538461538461,0.6834999999999999,0.86625,,,,
theblackphillip,0.04727272727272731,0.1636363636363637,0.1403448275862069,0.36999999999999994,,,,
subsahaaron,-1.2966666666666666,-1.1179999999999999,-1.406774193548387,-1.2525806451612902,,,,
gregs1999,0.7958823529411765,1.0005882352941176,0.2717241379310344,0.5517241379310345,,,,
steele98,0.47195652173913044,0.6423913043478262,0.6761290322580645,0.8375806451612904,,,,
morgtionpicture,-1.6491304347826088,-1.351304347826087,-1.3990909090909092,-1.1454545454545453,,,,
apple__,-0.4149999999999999,-0.11499999999999999,-0.193125,0.0037500000000000033,,,,
caityperrie,0.5236000000000001,0.6636,0.4641176470588235,0.6235294117647059,,,,
haiduc,0.22869565217391302,0.4691304347826088,0.43380952380952376,0.6457142857142857,,,,
oliviahockey,-0.05222222222222216,0.1548148148148148,-0.017627118644067814,0.2011864406779661,,,,
gc11,0.9587499999999999,1.2008333333333334,1.0104545454545453,1.2452272727272726,,,,
philippeleao,-1.4560000000000002,-1.2055999999999998,-1.35,-1.0611111111111113,,,,
chavrosbaby,1.89,2.0204545454545455,1.9383333333333332,2.092916666666667,,,,
colintroy,-0.19843137254901966,-0.015294117647058802,-0.320983606557377,-0.15426229508196718,,,,
stautis,-1.01,-0.7111111111111111,-0.8648780487804878,-0.66,,,,
ultimateparker,-0.10576923076923084,0.14115384615384613,-0.37838709677419363,-0.17064516129032262,,,,
dilco,0.39181818181818184,0.5536363636363636,0.4265,0.6679999999999999,,,,
benmatthewempey,,,,,,,,
sakana1,,,0.68,1.08,,,,
serenditpity,1.6349999999999998,1.7650000000000001,1.918,2.004,,,,
hongweikai,0.18517857142857147,0.3260714285714286,0.2035593220338983,0.3491525423728814,,,,
vegto389,0.9861111111111112,1.1637037037037037,0.9291666666666668,1.119,,,,
martinslisbon,0.852,1.1540000000000001,1.1251428571428572,1.3597142857142859,,,,
diogoserafim,-3.6629166666666664,-3.1925000000000003,-3.686,-3.3299999999999996,,,,
filmexpress,-1.1816666666666669,-0.9605555555555555,-0.8715789473684209,-0.6142105263157894,,,,
lesaladino,0.41584905660377364,0.5805660377358491,0.40648148148148155,0.5811111111111111,,,,
quantumpotpie,-0.0017142857142857157,0.15657142857142858,-0.028392857142857143,0.1207142857142857,,,,
amandaayoung,-0.39899999999999997,-0.19,-0.4951851851851852,-0.27314814814814814,,,,
patricksproull,-0.010270270270270256,0.22405405405405407,0.044339622641509396,0.2371698113207547,,,,
realkinoshit,1.039,1.2546666666666666,0.8349056603773585,1.0177358490566037,,,,
philbertdy,0.6896551724137931,0.7789655172413793,0.5841666666666667,0.7427777777777779,,,,
mariamicia13,0.3423076923076923,0.4399999999999999,0.7106250000000001,0.80375,,,,
markmooney,1.594285714285714,1.8357142857142856,1.9546666666666668,2.1893333333333334,,,,
vinny_simms,0.45599999999999996,0.6405,0.5746666666666668,0.859,,,,
lifeasfiction,-0.32545454545454544,-0.04309090909090909,-0.31266666666666665,-0.061666666666666654,,,,
ginnyweasley,0.4004347826086957,0.5660869565217391,0.46312499999999995,0.6315625,,,,
damsavies,-0.19454545454545452,4.0371746350005693e-17,0.21909090909090911,0.5159090909090909,,,,
evelynchevalier,0.8227272727272728,1.0118181818181817,0.9930769230769231,1.1530769230769229,,,,
gentryaustin,0.68,0.9933333333333333,0.8700000000000001,1.2269999999999999,,,,
scotttobias,-0.34896551724137936,-0.13379310344827586,-0.23272727272727275,-0.004848484848484792,,,,
bartonfinked,-0.06464285714285714,0.13321428571428576,0.3275,0.5015909090909091,,,,
ashtonkinley,0.09869565217391309,0.3215217391304348,0.20245283018867932,0.4216981132075472,,,,
lennylobster,0.43916666666666665,0.5258333333333333,0.41624999999999995,0.5933333333333333,,,,
tylot_lantern,1.24,1.5099999999999998,-0.3221428571428571,-0.007857142857142943,,,,
missflo,1.4779310344827585,1.693448275862069,1.5438636363636362,1.7118181818181817,,,,
dialnfornick,-0.0764705882352941,0.10117647058823528,-0.09610169491525422,0.07101694915254236,,,,
popofett,1.0483333333333333,1.2579166666666666,0.9581818181818184,1.1615151515151514,,,,
teamgal,-0.32961538461538464,-0.11423076923076926,-0.08209677419354841,0.09935483870967741,,,,
namelessvero,0.9349999999999998,1.1690909090909092,0.36923076923076914,0.5746153846153845,,,,
1godfella,0.5629999999999998,0.7690000000000001,-0.19736842105263158,0.058421052631578915,,,,
marcissus,-1.4526666666666666,-1.0946666666666665,-1.5461702127659576,-1.2348936170212765,,,,
timbrayton,-0.9527777777777778,-0.7394444444444443,-0.842982456140351,-0.6133333333333332,,,,
rdaniel55,0.6662857142857144,0.8157142857142857,0.5852631578947369,0.775438596491228,,,,
ironicmajesty,1.1144444444444443,1.2533333333333334,1.4239285714285717,1.5703571428571428,,,,
filmspotting,-0.4396491228070175,-0.2812280701754386,-0.45099999999999996,-0.2831666666666667,,,,
ralfmakesmovies,1.26125,1.44375,0.8742105263157897,1.0973684210526315,,,,
hbarletto242,1.3906666666666667,1.6800000000000002,1.308125,1.5297916666666669,,,,
oliviaolive,0.10550000000000007,0.2744999999999999,-0.3245945945945946,-0.13837837837837835,,,,
joshuadysart,-1.390769230769231,-1.0907692307692307,-1.2254999999999998,-0.9315,,,,
ttyllucy,-0.01944444444444451,0.20666666666666667,0.2492105263157895,0.4663157894736842,,,,
eclectic_em,0.9424137931034482,1.165862068965517,0.4690476190476191,0.6835714285714286,,,,
denduffy,-0.8031999999999999,-0.546,-0.5914285714285714,-0.34742857142857136,,,,
bcrosser,0.875,0.98,1.18125,1.30375,,,,
bubbleboy,1.0870000000000002,1.2274999999999998,0.4931428571428571,0.7111428571428573,,,,
lifewithnopants,-1.4894117647058824,-1.157058823529412,-1.6147826086956523,-1.3421739130434782,,,,
dirtgrub,0.7962499999999999,0.8674999999999999,0.7207692307692308,0.759230769230769,,,,
hanklay,1.62,1.7444444444444445,1.6619999999999997,1.8370000000000002,,,,
psychopike,0.435,0.595,0.17000000000000004,0.4525,,,,
ashonfilm,0.5275609756097561,0.7414634146341463,0.6624137931034482,0.8949999999999999,,,,
clockworkking,0.4962962962962963,0.75,0.6031111111111112,0.8104444444444444,,,,
dodi_,0.4884615384615385,0.6411538461538462,0.5217777777777778,0.6688888888888889,,,,
michaelhaneke,-1.4528947368421052,-1.188157894736842,-1.485,-1.2694,,,,
therealmcavoy,-0.45333333333333337,-0.2206666666666667,-0.46562500000000007,-0.21437500000000004,,,,
cinebro,,,,,,,,
naughty,0.7233333333333333,1.0933333333333335,0.6293548387096775,0.8629032258064516,,,,
erinlindsayy,0.51,0.95,0.97,1.3119999999999998,,,,
amyelliot,0.8200000000000001,0.9623076923076923,1.0635294117647058,1.18,,,,
mjthornton,2.3233333333333337,2.44,-0.1753333333333334,0.21666666666666665,,,,
samimcknnn,-0.06733333333333334,0.04866666666666661,-0.4678947368421053,-0.34473684210526323,,,,
mundof,1.0465853658536586,1.2319512195121953,0.7303225806451614,0.9006451612903227,,,,
alanis,-0.17333333333333348,0.09333333333333327,-0.8628571428571428,-0.6933333333333334,,,,
elisavetkei,0.5642857142857143,0.9600000000000001,0.8394117647058824,1.2211764705882353,,,,
emmariguana,-0.06666666666666674,0.2144444444444444,-0.42857142857142866,-0.11035714285714289,,,,
annaswnsn,0.01650000000000007,0.24050000000000002,-0.03272727272727261,0.2068181818181819,,,,
andregps,-0.15125,0.15999999999999998,0.43357142857142866,0.7121428571428572,,,,
codymonster91,0.4202,0.6204,0.5343103448275862,0.7262068965517242,,,,
belledejour,0.2285714285714286,0.5033333333333333,0.057000000000000044,0.3093333333333333,,,,
querelle,-0.1902702702702703,0.05243243243243243,-0.38409090909090915,-0.16863636363636364,,,,
jvince,0.48666666666666664,0.76,0.4027272727272727,0.7027272727272728,,,,
jhilke,0.8823636363636363,1.0821818181818181,0.7488709677419354,0.9711290322580647,,,,
joereid,0.5892857142857143,0.7633333333333334,0.4895348837209302,0.676046511627907,,,,
plzmrkennedy,-0.381111111111111,-0.20166666666666666,0.1724242424242424,0.35545454545454547,,,,
loomis5678,0.7937500000000001,1.03125,1.0814285714285714,1.3367857142857142,,,,
davert22,0.51875,0.7625,0.015652173913043414,0.3086956521739131,,,,
mirandahobbes,0.31,0.5868749999999999,0.10470588235294119,0.30911764705882355,,,,
slim,0.25136363636363634,0.4668181818181818,0.1325714285714286,0.38742857142857146,,,,
moviemaestro,1.5014893617021279,1.6385106382978725,1.6288333333333334,1.7865000000000002,,,,
kevin_robbins,1.6642857142857144,1.9371428571428575,1.5588235294117647,1.6947058823529413,,,,
damooney,-0.17707317073170736,0.020975609756097573,0.15553571428571425,0.3385714285714286,,,,
raimibaby,-1.58,-1.4933333333333334,-0.6461538461538462,-0.5184615384615385,,,,
_isocertified,1.5571428571428574,1.7585714285714285,1.4975,1.6375,,,,
chrisemza,1.2002040816326531,1.400612244897959,1.16453125,1.3296875,,,,
vanityrex,0.4741666666666666,0.6770833333333334,0.29898305084745763,0.49237288135593227,,,,
kurdt,0.6525925925925926,0.8251851851851851,0.4357142857142858,0.599142857142857,,,,
travis_k,-0.6349999999999999,-0.5733333333333334,-1.0773333333333333,-0.878,,,,
belial_carboni,,,,,,,,
vadekawa,-1.447142857142857,-1.1638095238095238,-1.3468181818181817,-1.121590909090909,,,,
isaacfeldberg,-1.126923076923077,-0.8876923076923077,-0.6459375,-0.38562500000000005,,,,
maneleeo,0.9415789473684211,1.174736842105263,0.8600000000000001,1.0642857142857143,,,,
samkohn,0.5183333333333333,0.6924999999999999,0.6868181818181818,0.9040909090909092,,,,
naked_airplane,0.3356521739130435,0.5408695652173912,0.178125,0.348125,,,,
adamnotsandler,1.2718749999999999,1.49125,1.2718749999999999,1.49125,,,,
herescathal,0.2589130434782609,0.4797826086956522,0.27539682539682536,0.5257142857142857,,,,
eviibag,0.7701851851851852,0.9372222222222222,0.6324137931034481,0.798448275862069,,,,
notannafaris,0.4954545454545455,0.6612121212121213,0.6693333333333333,0.8702222222222223,,,,
cinemonster,0.12499999999999996,0.34727272727272723,0.2236842105263158,0.34210526315789475,,,,
brennan51,1.705,1.875,1.347,1.5355,,,,
localhero_,0.5506249999999999,0.8162499999999999,0.59,0.8128571428571428,,,,
mikkocito,0.90875,1.07125,0.5636363636363636,0.7963636363636362,,,,
just2good,-0.9375862068965518,-0.7117241379310345,-0.43729166666666663,-0.2102083333333333,,,,
ericszyszka,0.6488235294117647,0.8641176470588237,0.5971428571428573,0.7942857142857143,,,,
eyebrowcinema,0.5186792452830188,0.7147169811320754,0.4765079365079365,0.6484126984126983,,,,
ajschlecht,0.027058823529411788,0.37058823529411766,-0.21521739130434783,0.062173913043478246,,,,
ptabro,2.19,2.18,-0.07000000000000006,0.12600000000000003,,,,
mazinkaiser19,1.4257142857142855,1.7,1.216,1.384,,,,
skipper_schutt,0.6936842105263158,0.8671929824561402,0.6835,0.8448333333333333,,,,
oh_dae_su,0.2466666666666667,0.4166666666666667,0.6563414634146341,0.800731707317073,,,,
porksweats,1.2058333333333333,1.37,0.6014814814814814,0.7922222222222223,,,,
joshalmeida,-0.0025000000000000022,0.3424999999999999,0.4287878787878787,0.7418181818181817,,,,
noeljpenaflor,1.4131578947368422,1.5699999999999998,1.3142553191489361,1.5097872340425533,,,,
mjsays,0.16166666666666665,0.3608333333333333,-0.008571428571428558,0.17857142857142858,,,,
sean_chavel,-0.8451851851851852,-0.61,-0.5104166666666666,-0.2685416666666666,,,,
laranotzhivago,0.5589655172413793,0.8041379310344827,0.4541304347826087,0.7219565217391305,,,,
thelistislife42,-0.07083333333333333,0.1313888888888889,0.3879245283018868,0.5677358490566038,,,,
aleechaye,-0.0057894736842105665,0.2668421052631578,-0.2435849056603775,0.03547169811320747,,,,
xraybutton,1.0538461538461539,1.21,0.944516129032258,1.0758064516129033,,,,
thedayofthedot,0.9507142857142856,1.0985714285714285,0.9507142857142856,1.0985714285714285,,,,
hastapura,-1.117777777777778,-0.6900000000000002,-1.3590909090909093,-0.9972727272727275,,,,
dave_goleb,0.732,0.8893333333333332,1.0100000000000002,1.2288461538461537,,,,
joekohle,1.2840740740740741,1.5625925925925925,1.2525714285714287,1.4954285714285716,,,,
jaywill,-0.14400000000000002,0.0746666666666667,0.3376086956521739,0.5634782608695652,,,,
zascmo,-0.6663333333333333,-0.43033333333333335,-0.059777777777777805,0.1993333333333333,,,,
jennaipcar,-1.1705555555555556,-0.8513888888888889,-1.1413725490196078,-0.8950980392156862,,,,
leighwhannell,0.7683333333333334,1.0041666666666667,0.739,0.9710000000000001,,,,
kay_mac,-0.025999999999999978,0.15399999999999991,0.3523809523809524,0.589047619047619,,,,
joshypoo74,0.40599999999999997,0.5640000000000001,0.635,0.8087500000000002,,,,
simononfilm,-0.6666666666666666,-0.4863888888888888,-0.7747916666666667,-0.65,,,,
rstrahs,1.2975,1.6099999999999999,1.8558333333333337,2.0508333333333337,,,,
matheusfiore,-1.6673913043478261,-1.4800000000000002,-1.27825,-1.08475,,,,
michaeleternity,0.920566037735849,1.1124528301886791,0.9119672131147543,1.1091803278688523,,,,
dallasfrance,0.5245,0.7685,0.3245454545454546,0.5486363636363637,,,,
kevincormier,0.9485185185185185,1.2266666666666668,0.6269230769230769,0.9094230769230769,,,,
dz1ga,-3.56,-3.1,-0.8015384615384615,-0.48000000000000004,,,,
hotdad23,0.6306666666666666,0.8033333333333333,0.5313888888888889,0.6811111111111111,,,,
lilenr1que,-0.5,-0.42999999999999994,0.9400000000000001,1.1057142857142854,,,,
cinemalanguage,-1.2294444444444446,-1.0661111111111112,-0.565,-0.31631578947368416,,,,
spotlessfilms,0.32823529411764707,0.5935294117647059,0.26909090909090916,0.5336363636363636,,,,
belsf,1.4537499999999999,1.5899999999999999,0.9362499999999999,1.06375,,,,
crimsen,-0.012222222222222214,0.10333333333333333,0.3975,0.6393749999999999,,,,
taoa,-1.9185714285714288,-1.4142857142857141,-1.44,-1.0045454545454544,,,,
frostyfoxx,-0.2666666666666666,-0.1166666666666667,-0.41624999999999995,-0.32625,,,,
arbogast1960,0.9299999999999999,1.0699999999999998,0.1,0.38749999999999996,,,,
hotsake,-0.84,-0.55,-0.20928571428571427,0.01142857142857139,,,,
tectactoe,-1.1106666666666665,-0.6593333333333333,-1.349310344827586,-0.9958620689655172,,,,
josecanas,0.1759259259259259,0.38592592592592584,0.14666666666666664,0.3723076923076923,,,,
loureviews,-0.2124999999999999,-0.13500000000000012,-0.06461538461538464,0.22346153846153843,,,,
mattmahogany,0.2621212121212121,0.47393939393939394,0.16326530612244894,0.38530612244897966,,,,
connorcarey,2.134285714285714,2.284761904761905,2.102,2.247846153846154,,,,
puffyjacket,1.3289285714285715,1.5075,1.2316363636363636,1.3840000000000001,,,,
marna,,,2.31,2.6,,,,
mayawacko,0.8529411764705881,1.0076470588235293,0.611875,0.7612499999999999,,,,
anhonestmess,-1.824054054054054,-1.442162162162162,-1.8552499999999998,-1.527,,,,
moviesarelife1,1.526,1.7239999999999998,1.2464150943396226,1.4760377358490566,,,,
vonnysimarmata,1.7433333333333334,1.84,1.2693750000000001,1.4549999999999998,,,,
xfaxe,0.8225000000000001,1.036875,0.9268627450980392,1.1750980392156862,,,,
nathanrabin,2.2424999999999997,2.385,0.3388888888888888,0.4066666666666666,,,,
jhuang98,0.14571428571428569,0.3164285714285714,0.24699999999999994,0.41383333333333333,,,,
chriscabin,-0.9414285714285713,-0.8378571428571429,-1.0926666666666667,-1.0326666666666668,,,,
blakemower,0.9114285714285714,1.0614285714285714,0.8470000000000001,1.047,,,,
keeganeatspie,0.8022222222222223,1.0307407407407407,0.48552631578947375,0.7207894736842106,,,,
ironwatcher,0.4633333333333333,0.6503703703703705,0.661320754716981,0.8620754716981132,,,,
millenniummambo,-0.14714285714285716,0.07285714285714286,0.48199999999999993,0.6473333333333334,,,,
gonegirls,0.5355172413793103,0.7882758620689655,0.6764583333333333,0.8799999999999999,,,,
amundsens,-0.13079999999999997,0.1052,0.05500000000000004,0.3261904761904762,,,,
maskull,2.175555555555556,2.3855555555555554,0.6516,0.8712000000000001,,,,
sehnzeleid,,,2.18,2.21,,,,
nbfnicholas,0.8471875,1.0634375,0.9324390243902438,1.1226829268292684,,,,
zoelovesfilm,-1.4117647058823528,-1.1429411764705883,-1.1725925925925926,-0.8759259259259259,,,,
justacrowbro,1.7559999999999998,1.89,1.2437931034482759,1.4472413793103447,,,,
dungeonskramz,1.1150000000000002,1.33,-1.3000000000000003,-0.8285714285714284,,,,
14ltobias,1.0014285714285713,1.2642857142857142,0.9752173913043477,1.192608695652174,,,,
exsanguinate,-3.8575,-3.4725,-2.9099999999999997,-2.5625000000000004,,,,
jazaldo,0.3314285714285714,0.5507142857142858,0.06413793103448275,0.24172413793103448,,,,
adrianmoviez,0.6385714285714287,0.771904761904762,1.0369696969696969,1.168181818181818,,,,
alphonse0,-0.9700000000000001,-0.6526666666666666,-1.109375,-0.8099999999999999,,,,
aaronelwhite,0.05925925925925923,0.23574074074074072,0.1064285714285714,0.2767857142857143,,,,
thefilmtripper,0.5219999999999999,0.843,0.22187499999999996,0.5474999999999999,,,,
jewbo23,0.1303448275862069,0.3775862068965518,0.20687500000000003,0.4164583333333334,,,,
cinema_strikes,-0.10030303030303034,0.17272727272727267,-0.3880434782608696,-0.12500000000000003,,,,
boyerased,,,0.418,0.712,,,,
ghostdinosaur,-2.0705128205128207,-1.665128205128205,-2.3433333333333333,-1.9915686274509803,,,,
andrez15,1.83,1.9766666666666666,0.9155000000000001,1.1855,,,,
sam_kam,0.27444444444444444,0.47740740740740745,0.3646341463414634,0.5824390243902439,,,,
pube,-1.114,-0.8870000000000001,-0.911875,-0.7749999999999999,,,,
prateeksharma,0.4984615384615385,0.6807692307692308,0.533,0.7289999999999999,,,,
marktinta73,0.7940625,0.9893749999999999,0.6770731707317073,0.8712195121951217,,,,
lobster20000,-0.7485714285714286,-0.42428571428571427,-0.6683333333333333,-0.37666666666666665,,,,
ct_sexybeast,1.033125,1.2196874999999998,0.8105128205128206,1.0184615384615385,,,,
samherbst,-0.18047619047619046,0.020476190476190505,-0.14686274509803918,0.04764705882352939,,,,
gniola,-0.475909090909091,-0.28090909090909094,-0.5629166666666667,-0.3625000000000001,,,,
luckydoll,0.8445454545454546,1.0727272727272728,0.3384090909090909,0.5381818181818182,,,,
nvargascamus,0.6511111111111111,0.8219444444444445,0.39278688524590166,0.5688524590163934,,,,
bratzzzgurl,-0.14749999999999996,0.044999999999999984,0.5451724137931034,0.6937931034482759,,,,
halloweenh,0.47,0.63,0.9699999999999999,1.0866666666666667,,,,
terencedavies,-0.15307692307692308,0.056153846153846144,0.000638297872340412,0.20319148936170212,,,,
oscarkit316,0.9366666666666669,1.1758333333333333,0.5787179487179487,0.7797435897435897,,,,
twinkcore,-4.926,-4.2780000000000005,-2.3499999999999996,-1.8844444444444446,,,,
billryan,-0.7874074074074074,-0.4981481481481481,-0.7980434782608696,-0.5945652173913044,,,,
madisqnn,-0.5575000000000001,-0.29500000000000015,-0.24645161290322584,-0.019032258064516125,,,,
evilll,0.9850000000000001,0.8500000000000001,0.36833333333333323,0.655,,,,
foofdeckman,0.33791666666666664,0.5383333333333332,0.2882926829268293,0.49560975609756097,,,,
rupertpupkin,0.6057575757575758,0.8821212121212123,0.6108333333333333,0.871388888888889,,,,
sonnybunch,-0.6215151515151515,-0.3930303030303031,-0.27205128205128204,-0.047435897435897406,,,,
anniewoj,-0.4924000000000001,-0.19200000000000003,-0.012121212121212185,0.23636363636363633,,,,
cinema_snobb,1.4143750000000002,1.651875,1.7041538461538461,1.8604615384615386,,,,
staceyb,0.602857142857143,0.7521428571428572,0.5083870967741936,0.7029032258064517,,,,
eggchoke,0.6052173913043479,0.7995652173913044,0.195,0.32625000000000004,,,,
dakotanoot,0.26999999999999996,0.625,0.26999999999999996,0.625,,,,
mrmichaeldjones,0.7573809523809523,0.9402380952380953,1.0680701754385964,1.2278947368421054,,,,
cauls_apartment,1.3922222222222222,1.5722222222222224,1.0758064516129033,1.2132258064516128,,,,
madfrieza,1.0186666666666668,1.188,0.7075,0.9269444444444441,,,,
anythingplusmor,-3.0225,-2.781944444444444,-3.13425,-2.83225,,,,
muuurrpphy,-1.2865957446808511,-1.014468085106383,-1.7006666666666668,-1.4416666666666664,,,,
wkyywen,0.08999999999999998,0.45999999999999996,0.7761538461538462,0.9984615384615385,,,,
cpizzignacco,0.2752631578947369,0.38578947368421046,0.18068181818181814,0.3431818181818182,,,,
saint_hooligan,,,0.03499999999999992,0.44499999999999995,,,,
alan1,0.4093333333333334,0.5606666666666666,0.3443396226415094,0.5745283018867924,,,,
ofilmaria,0.7581818181818182,0.8963636363636364,0.61,0.7770588235294118,,,,
wampeter57,0.7811111111111111,0.9877777777777779,-0.1304651162790698,0.0030232558139534496,,,,
ingmar,-2.28421052631579,-1.9063157894736842,-2.242142857142857,-1.9214285714285713,,,,
megshields,-0.5299999999999999,-0.314,-0.19909090909090904,0.023636363636363678,,,,
andrewpope,0.4144444444444444,0.6204444444444444,0.45395833333333324,0.6464583333333334,,,,
cecilselwyn,-2.184,-1.893,-2.523181818181818,-2.054090909090909,,,,
haris4pf,0.9742857142857143,1.1042857142857143,0.27576923076923077,0.5276923076923077,,,,
akcvtt,1.2074999999999998,1.365,1.2118518518518517,1.4051851851851853,,,,
mellyfratelli,0.4666666666666668,0.6561111111111111,0.39694444444444443,0.6291666666666667,,,,
arroe,1.2966666666666669,1.5999999999999999,-0.5792857142857144,-0.23142857142857146,,,,
schizopolis23,1.1931578947368422,1.3773684210526316,1.4883870967741937,1.6093548387096777,,,,
samcmac,-1.6104761904761904,-1.2333333333333332,-1.6193333333333335,-1.2615555555555555,,,,
kindamainstream,0.9326666666666665,1.1433333333333333,0.8617391304347827,1.038695652173913,,,,
danyellowconnor,0.22499999999999998,0.44,-0.2581818181818182,0.09545454545454547,,,,
pzng97,-1.515,-1.0525,-1.515,-1.0525,,,,
suttercain,0.9674999999999999,1.1504166666666666,1.0817142857142856,1.2528571428571427,,,,
remobo,-0.72,-0.28,-0.4627272727272727,-0.2054545454545454,,,,
ezracubero,0.8708196721311476,1.013934426229508,0.8708196721311476,1.013934426229508,,,,
,,,,,204.0,221.0,203.0,222.0
,,,,,160.0,172.0,160.0,151.0
,,,,,144.0,136.0,140.0,130.0
,,,,,68.0,65.0,53.0,52.0
,,,,,82.0,77.0,80.0,80.0
,,,,,400.0,399.0,410.0,407.0
,,,,,621.0,621.0,633.0,627.0
,,,,,293.0,266.0,294.0,271.0
,,,,,384.0,378.0,381.0,362.0
,,,,,417.0,395.0,275.0,276.0
,,,,,272.0,245.0,226.0,197.0
,,,,,260.0,276.0,442.0,435.0
,,,,,572.0,567.0,430.0,424.0
,,,,,599.0,597.0,626.0,623.0
,,,,,311.0,324.0,236.0,231.0
,,,,,250.0,259.0,167.0,161.0
,,,,,102.0,85.0,76.0,78.0
,,,,,399.0,408.0,481.0,481.0
,,,,,186.0,176.0,220.0,211.0
,,,,,535.0,532.0,413.0,404.0
,,,,,188.0,208.0,215.0,213.0
,,,,,313.0,307.0,343.0,341.0
,,,,,546.0,535.0,437.0,434.0
,,,,,98.0,114.0,85.0,98.0
,,,,,12.0,11.0,10.0,8.0
,,,,,332.0,323.0,310.0,292.0
,,,,,538.0,536.0,207.0,235.0
,,,,,139.0,132.0,125.0,123.0
,,,,,295.0,288.0,393.0,386.0
,,,,,531.0,549.0,480.0,456.0
,,,,,425.0,445.0,585.0,589.0
,,,,,249.0,258.0,548.0,566.0
,,,,,266.0,263.0,199.0,185.0
,,,,,263.0,274.0,186.0,175.0
,,,,,516.5,507.0,522.0,532.0
,,,,,337.0,338.0,322.0,328.0
,,,,,515.0,499.0,616.0,612.0
,,,,,432.0,425.0,595.0,595.0
,,,,,279.0,283.0,380.0,379.0
,,,,,59.0,61.0,68.0,65.0
,,,,,405.0,404.0,457.0,445.0
,,,,,385.0,385.0,315.0,294.0
,,,,,335.0,336.0,346.0,356.0
,,,,,520.0,514.0,387.0,321.0
,,,,,93.0,98.0,83.0,85.0
,,,,,86.0,88.0,46.0,42.0
,,,,,346.0,351.0,357.0,336.0
,,,,,276.0,297.0,355.0,360.0
,,,,,462.0,462.0,487.0,480.0
,,,,,287.0,291.0,361.0,357.0
,,,,,559.0,558.0,592.0,591.0
,,,,,277.0,293.0,439.0,447.0
,,,,,200.0,180.0,279.0,265.0
,,,,,617.0,613.0,538.0,525.0
,,,,,536.0,537.0,568.0,563.0
,,,,,97.0,82.0,114.0,102.0
,,,,,147.0,149.0,110.0,111.0
,,,,,164.0,150.0,376.0,363.0
,,,,,56.0,54.0,57.0,55.0
,,,,,616.0,617.0,642.0,641.0
,,,,,478.0,479.0,564.0,569.0
,,,,,453.0,440.0,486.0,472.0
,,,,,171.0,171.0,108.0,109.0
,,,,,571.0,566.0,598.0,598.0
,,,,,223.0,231.0,74.0,74.0
,,,,,344.0,353.0,374.0,368.0
,,,,,429.0,418.0,462.0,448.0
,,,,,16.5,34.0,9.0,7.0
,,,,,331.0,334.0,341.0,335.0
,,,,,543.0,544.0,545.0,548.0
,,,,,532.0,508.0,524.0,523.0
,,,,,138.0,127.0,146.0,136.0
,,,,,524.0,531.0,516.0,501.0
,,,,,587.0,592.0,474.0,473.0
,,,,,243.0,250.0,257.0,247.0
,,,,,319.0,275.0,324.0,306.0
,,,,,141.0,146.0,156.0,159.0
,,,,,625.0,619.0,356.0,366.0
,,,,,452.0,463.0,395.0,395.0
,,,,,232.0,243.0,141.0,131.0
,,,,,282.0,273.0,301.0,289.0
,,,,,106.0,103.0,117.0,118.0
,,,,,396.0,368.0,489.0,478.0
,,,,,298.0,204.0,99.0,99.0
,,,,,70.0,74.0,33.0,38.0
,,,,,353.0,350.0,267.0,261.0
,,,,,422.0,432.0,468.0,469.0
,,,,,135.0,134.0,144.0,142.0
,,,,,627.0,625.0,638.0,634.0
,,,,,309.0,315.0,483.0,474.0
,,,,,205.0,194.0,176.0,170.0
,,,,,231.0,233.0,234.0,221.0
,,,,,49.0,47.0,38.0,36.0
,,,,,241.0,202.0,296.0,283.0
,,,,,534.0,534.0,504.0,512.0
,,,,,589.0,582.0,602.0,602.0
,,,,,113.0,116.0,196.0,225.0
,,,,,180.0,226.0,130.0,138.0
,,,,,508.0,502.0,467.0,465.0
,,,,,633.0,631.0,636.0,638.0
,,,,,444.0,438.0,505.0,505.0
,,,,,212.0,214.0,265.0,273.0
,,,,,265.0,267.0,212.0,206.0
,,,,,593.0,595.0,559.0,576.0
,,,,,412.0,401.0,429.0,436.0
,,,,,455.0,455.0,472.0,471.0
,,,,,397.0,413.0,471.0,479.0
,,,,,185.0,196.0,293.0,314.0
,,,,,66.0,90.0,151.0,183.0
,,,,,24.0,26.0,20.0,20.0
,,,,,286.0,298.0,243.0,269.0
,,,,,615.0,616.0,620.0,617.0
,,,,,411.0,422.0,509.0,522.0
,,,,,568.0,570.0,583.0,574.0
,,,,,157.0,184.0,133.0,140.0
,,,,,624.0,624.0,623.0,628.0
,,,,,604.0,603.0,630.0,629.0
,,,,,196.0,189.0,181.0,172.0
,,,,,630.0,632.0,604.0,610.0
,,,,,494.0,494.0,520.0,513.0
,,,,,134.0,133.0,178.0,178.0
,,,,,30.0,33.0,27.0,32.0
,,,,,339.0,322.0,347.0,317.0
,,,,,91.0,93.0,86.0,96.0
,,,,,320.0,363.0,607.0,611.0
,,,,,481.0,483.0,508.0,520.0
,,,,,563.0,559.0,89.0,86.0
,,,,,111.0,106.0,320.0,315.0
,,,,,472.0,470.0,436.0,419.0
,,,,,136.0,135.0,185.0,189.0
,,,,,637.0,637.0,542.0,538.0
,,,,,358.0,329.0,309.0,297.0
,,,,,573.0,601.0,554.0,556.0
,,,,,191.0,191.0,225.0,218.0
,,,,,312.0,314.0,334.0,338.0
,,,,,551.0,539.0,526.0,509.0
,,,,,107.0,108.0,143.0,146.0
,,,,,294.0,285.0,303.0,301.0
,,,,,431.0,420.0,523.0,518.0
,,,,,247.0,241.0,252.0,259.0
,,,,,380.0,375.0,340.0,358.0
,,,,,582.0,584.0,566.0,582.0
,,,,,420.0,410.0,321.0,325.0
,,,,,342.0,344.0,129.0,125.0
,,,,,464.0,456.0,576.0,581.0
,,,,,578.0,572.0,460.0,493.0
,,,,,567.0,561.0,563.0,567.0
,,,,,594.0,600.0,562.0,560.0
,,,,,215.0,219.0,235.0,226.0
,,,,,11.0,13.0,32.0,31.0
,,,,,519.0,524.0,326.0,340.0
,,,,,63.0,62.0,56.0,54.0
,,,,,29.0,30.0,28.0,27.0
,,,,,154.0,154.0,206.0,200.0
,,,,,595.0,588.0,628.5,624.0
,,,,,170.0,173.0,153.0,150.0
,,,,,609.0,599.0,613.0,616.0
,,,,,549.0,546.0,578.0,580.0
,,,,,74.0,73.0,54.0,56.0
,,,,,378.0,356.0,338.0,331.0
,,,,,152.0,151.0,113.0,112.0
,,,,,503.0,506.0,536.0,534.0
,,,,,308.0,310.0,221.0,215.0
,,,,,414.0,409.0,482.0,460.0
,,,,,376.0,383.0,401.0,405.0
,,,,,501.0,526.0,495.0,502.0
,,,,,564.0,553.0,567.0,561.0
,,,,,537.0,541.0,273.0,266.0
,,,,,280.0,265.0,351.0,339.0
,,,,,547.0,529.0,603.0,596.0
,,,,,119.0,120.0,107.0,113.0
,,,,,16.5,15.0,22.0,22.0
,,,,,43.0,38.0,61.0,61.0
,,,,,149.0,215.0,389.0,376.0
,,,,,,,,
,,,,,340.0,354.0,348.0,342.0
,,,,,9.0,10.0,4.0,4.0
,,,,,439.0,437.0,465.0,463.0
,,,,,636.0,636.0,611.0,601.0
,,,,,184.0,187.0,208.0,194.0
,,,,,218.0,213.0,258.0,255.0
,,,,,530.0,530.0,528.0,529.0
,,,,,120.0,111.0,102.0,101.0
,,,,,264.0,257.0,289.0,277.0
,,,,,533.0,543.0,572.0,558.0
,,,,,80.0,66.0,118.0,108.0
,,,,,434.0,461.0,625.0,630.0
,,,,,221.0,200.0,228.0,224.0
,,,,,143.0,142.0,161.0,154.0
,,,,,167.0,158.0,170.0,158.0
,,,,,158.0,148.0,547.0,565.0
,,,,,355.0,370.0,282.0,290.0
,,,,,262.0,270.0,337.0,350.0
,,,,,,,3.0,3.0
,,,,,131.0,137.0,213.0,219.0
,,,,,487.0,495.0,404.0,401.0
,,,,,330.0,316.0,371.0,351.0
,,,,,15.0,14.0,13.0,12.0
,,,,,90.0,97.0,139.0,164.0
,,,,,92.0,107.0,65.0,76.0
,,,,,110.0,182.0,473.0,487.0
,,,,,440.0,428.0,433.0,433.0
,,,,,404.0,402.0,383.0,396.0
,,,,,47.0,48.0,66.0,67.0
,,,,,72.0,67.0,75.0,73.0
,,,,,174.0,170.0,283.0,288.0
,,,,,338.0,382.0,463.0,477.0
,,,,,69.0,83.0,211.0,217.0
,,,,,13.0,12.0,8.0,10.0
,,,,,581.0,576.0,555.0,555.0
,,,,,498.0,484.0,412.0,406.0
,,,,,620.0,620.0,635.0,635.0
,,,,,104.0,102.0,164.0,153.0
,,,,,316.0,296.0,233.0,214.0
,,,,,613.0,611.0,637.0,637.0
,,,,,430.0,452.0,403.0,372.0
,,,,,550.0,550.0,527.0,516.0
,,,,,583.0,598.0,366.0,365.0
,,,,,513.0,525.0,423.0,417.0
,,,,,122.0,139.0,67.0,72.0
,,,,,48.0,44.0,49.0,49.0
,,,,,28.0,29.0,25.0,26.0
,,,,,235.0,229.0,281.0,270.0
,,,,,228.0,205.0,172.0,166.0
,,,,,329.0,312.0,391.0,392.0
,,,,,201.0,216.0,305.0,319.0
,,,,,548.0,556.0,622.0,625.0
,,,,,23.0,20.0,34.0,30.0
,,,,,261.0,246.0,385.0,390.0
,,,,,395.0,388.0,428.0,426.0
,,,,,348.0,369.0,579.0,585.0
,,,,,306.0,292.0,223.0,232.0
,,,,,46.0,50.0,64.0,62.0
,,,,,75.0,68.0,97.0,93.0
,,,,,54.0,55.0,84.0,91.0
,,,,,509.0,497.0,512.0,495.0
,,,,,489.0,481.0,532.0,527.0
,,,,,51.0,52.0,69.0,71.0
,,,,,305.0,313.0,302.0,296.0
,,,,,523.0,527.0,518.0,514.0
,,,,,274.0,277.0,367.0,387.0
,,,,,415.0,474.0,100.0,106.0
,,,,,259.0,260.0,193.0,190.0
,,,,,610.0,610.0,617.0,618.0
,,,,,317.0,328.0,304.0,300.0
,,,,,499.0,509.0,427.0,458.0
,,,,,,,,
,,,,,183.0,166.0,280.0,278.0
,,,,,605.0,606.0,631.0,633.0
,,,,,552.5,554.5,588.5,586.5
,,,,,,,,
,,,,,,,71.0,68.5
,,,,,209.5,210.5,173.5,167.5
,,,,,95.5,95.5,105.5,103.5
,,,,,521.5,522.0,477.5,467.5
,,,,,117.5,121.5,51.5,46.5
,,,,,284.5,303.5,368.5,384.5
,,,,,127.5,124.5,239.5,201.5
,,,,,351.5,346.5,556.5,549.5
,,,,,527.5,519.5,406.5,381.5
,,,,,172.5,178.5,254.5,274.5
,,,,,495.5,517.5,574.5,571.5
,,,,,552.5,554.5,588.5,586.5
,,,,,,,,
,,,,,,,71.0,68.5
,,,,,209.5,210.5,173.5,167.5
,,,,,95.5,95.5,105.5,103.5
,,,,,521.5,522.0,477.5,467.5
,,,,,117.5,121.5,51.5,46.5
,,,,,284.5,303.5,368.5,384.5
,,,,,127.5,124.5,239.5,201.5
,,,,,351.5,346.5,556.5,549.5
,,,,,527.5,519.5,406.5,381.5
,,,,,172.5,178.5,254.5,274.5
,,,,,495.5,517.5,574.5,571.5
,,,,,14.0,16.0,18.0,15.0
,,,,,245.0,232.0,344.0,346.0
,,,,,112.0,104.0,152.0,145.0
,,,,,140.0,138.0,241.0,246.0
,,,,,565.0,560.0,535.0,504.0
,,,,,267.0,290.0,237.0,251.0
,,,,,323.0,325.0,373.0,375.0
,,,,,443.0,450.0,497.0,499.0
,,,,,290.0,287.0,446.0,466.0
,,,,,441.0,436.0,372.0,371.0
,,,,,516.5,478.0,577.0,552.0
,,,,,626.0,629.0,606.0,609.0
,,,,,234.0,240.0,452.0,441.0
,,,,,148.0,143.0,297.0,304.0
,,,,,230.0,238.0,198.0,207.0
,,,,,507.0,522.0,610.0,614.0
,,,,,8.0,9.0,12.0,13.0
,,,,,504.0,528.0,306.0,316.0
,,,,,386.0,365.0,386.0,364.0
,,,,,53.0,58.0,71.0,77.0
,,,,,606.0,602.0,615.0,613.0
,,,,,253.0,249.0,145.0,147.0
,,,,,314.0,306.0,271.0,272.0
,,,,,236.0,282.0,222.0,252.0
,,,,,268.0,339.0,92.0,92.0
,,,,,65.0,56.0,21.0,21.0
,,,,,71.0,69.0,112.0,119.0
,,,,,207.0,224.0,261.0,263.0
,,,,,427.0,411.0,362.0,337.0
,,,,,193.0,190.0,187.0,184.0
,,,,,387.0,427.0,399.0,374.0
,,,,,458.0,448.0,475.0,453.0
,,,,,202.0,169.0,231.0,210.0
,,,,,79.0,81.0,90.0,94.0
,,,,,225.0,218.0,308.0,287.0
,,,,,602.0,608.0,640.0,643.0
,,,,,460.0,465.0,476.0,461.0
,,,,,36.0,25.0,24.0,23.0
,,,,,555.0,540.0,558.0,547.0
,,,,,373.0,371.0,418.0,421.0
,,,,,364.0,362.0,438.0,439.0
,,,,,310.0,337.0,409.0,429.0
,,,,,628.0,628.0,646.0,647.0
,,,,,556.0,557.0,582.0,575.0
,,,,,363.0,366.0,363.0,359.0
,,,,,237.0,234.0,224.0,227.0
,,,,,,,,
,,,,,217.0,239.0,163.0,180.0
,,,,,574.0,571.0,569.0,559.0
,,,,,304.0,327.0,292.0,303.0
,,,,,614.0,614.0,609.0,606.0
,,,,,416.0,423.0,405.0,411.0
,,,,,150.0,162.0,229.0,236.0
,,,,,607.0,612.0,591.0,584.0
,,,,,390.0,386.0,517.0,506.0
,,,,,424.0,424.0,284.0,295.0
,,,,,,,464.0,485.0
,,,,,423.0,426.0,456.0,464.0
,,,,,325.0,358.0,496.0,508.0
,,,,,402.0,396.0,494.0,490.0
,,,,,388.0,403.0,400.0,409.0
,,,,,33.0,32.0,31.0,29.0
,,,,,89.0,89.0,77.0,82.0
,,,,,638.0,638.0,628.5,636.0
,,,,,163.0,159.0,127.0,139.0
,,,,,3.0,3.0,2.0,2.0
,,,,,401.0,392.0,318.0,312.0
,,,,,103.0,109.0,134.0,132.0
,,,,,155.0,163.0,135.0,134.0
,,,,,22.0,19.0,15.0,18.0
,,,,,153.0,155.0,201.0,203.0
,,,,,125.0,123.0,121.0,127.0
,,,,,377.0,359.0,180.0,191.0
,,,,,315.0,320.0,392.0,413.0
,,,,,7.0,5.0,6.0,9.0
,,,,,199.0,185.0,274.0,258.0
,,,,,109.0,110.0,91.0,87.0
,,,,,258.0,268.0,299.0,281.0
,,,,,114.0,129.0,600.0,604.0
,,,,,541.0,547.0,560.0,557.0
,,,,,292.0,269.0,272.0,253.0
,,,,,166.0,156.0,87.0,90.0
,,,,,598.0,590.0,502.0,484.0
,,,,,362.0,333.0,260.0,241.0
,,,,,81.0,79.0,93.0,89.0
,,,,,569.0,573.0,624.0,620.0
,,,,,482.0,488.0,491.0,483.0
,,,,,254.0,209.0,276.0,284.0
,,,,,1.0,1.0,1.0,1.0
,,,,,242.0,247.0,287.0,307.0
,,,,,590.0,581.0,619.0,622.0
,,,,,256.0,248.0,246.0,238.0
,,,,,407.0,416.0,317.0,308.0
,,,,,529.0,513.0,544.0,530.0
,,,,,391.0,398.0,443.0,438.0
,,,,,206.0,207.0,394.0,432.0
,,,,,182.0,177.0,328.0,383.0
,,,,,333.0,326.0,300.0,322.0
,,,,,297.0,301.0,249.0,244.0
,,,,,570.0,568.0,601.0,603.0
,,,,,468.0,451.0,541.0,541.0
,,,,,502.0,482.0,330.0,309.0
,,,,,450.0,430.0,242.0,268.0
,,,,,510.0,516.0,531.0,540.0
,,,,,375.0,361.0,190.0,179.0
,,,,,433.0,439.0,417.0,412.0
,,,,,585.0,580.0,469.0,486.0
,,,,,360.0,364.0,484.0,482.0
,,,,,539.0,551.0,534.0,537.0
,,,,,20.0,39.0,192.0,223.0
,,,,,224.0,212.0,262.0,248.0
,,,,,85.0,92.0,73.0,70.0
,,,,,449.0,460.0,550.0,553.0
,,,,,26.0,21.0,59.0,53.0
,,,,,273.0,261.0,360.0,370.0
,,,,,239.0,254.0,218.0,216.0
,,,,,115.0,112.0,98.0,97.0
,,,,,618.0,623.0,605.0,607.0
,,,,,,,142.0,157.0
,,,,,299.0,295.0,349.0,348.0
,,,,,471.0,480.0,570.0,577.0
,,,,,459.0,472.0,154.0,152.0
,,,,,251.0,262.0,194.0,187.0
,,,,,190.0,227.0,179.0,193.0
,,,,,575.0,564.0,565.0,554.0
,,,,,622.0,626.0,384.0,320.0
,,,,,406.0,405.0,453.0,446.0
,,,,,227.0,203.0,244.0,249.0
,,,,,50.0,43.0,40.0,35.0
,,,,,447.0,446.0,288.0,313.0
,,,,,349.0,342.0,448.0,437.0
,,,,,32.0,31.0,41.0,39.0
,,,,,132.0,145.0,171.0,163.0
,,,,,370.0,349.0,365.0,343.0
,,,,,271.0,280.0,353.0,352.0
,,,,,203.0,198.0,200.0,196.0
,,,,,488.0,498.0,540.0,546.0
,,,,,39.0,36.0,43.0,43.0
,,,,,623.0,622.0,643.0,642.0
,,,,,159.0,153.0,149.0,137.0
,,,,,67.0,72.0,81.0,79.0
,,,,,187.0,195.0,138.0,133.0
,,,,,318.0,305.0,345.0,367.0
,,,,,,,,
,,,,,,,451.0,503.0
,,,,,601.0,596.0,641.0,639.0
,,,,,257.0,237.0,264.0,243.0
,,,,,493.0,489.0,511.0,519.0
,,,,,465.0,487.0,561.0,573.0
,,,,,5.0,6.0,5.0,5.0
,,,,,57.0,57.0,79.0,83.0
,,,,,327.0,317.0,336.0,329.0
,,,,,220.0,199.0,197.0,186.0
,,,,,133.0,131.0,120.0,121.0
,,,,,214.0,222.0,214.0,209.0
,,,,,506.0,511.0,490.0,491.0
,,,,,419.0,384.0,415.0,403.0
,,,,,307.0,271.0,459.0,427.0
,,,,,597.0,604.0,644.0,644.0
,,,,,341.0,340.0,411.0,442.0
,,,,,146.0,152.0,150.0,148.0
,,,,,321.0,311.0,364.0,347.0
,,,,,161.0,157.0,268.0,293.0
,,,,,457.0,453.0,537.0,524.0
,,,,,418.0,444.0,500.0,543.0
,,,,,142.0,141.0,162.0,160.0
,,,,,198.0,193.0,311.0,291.0
,,,,,238.0,236.0,263.0,267.0
,,,,,336.0,294.0,339.0,333.0
,,,,,554.0,565.0,148.0,156.0
,,,,,588.0,587.0,618.0,621.0
,,,,,192.0,183.0,183.0,177.0
,,,,,512.0,512.0,525.0,526.0
,,,,,145.0,147.0,184.0,182.0
,,,,,479.0,491.0,327.0,327.0
,,,,,382.0,380.0,169.0,174.0
,,,,,41.0,45.0,35.0,37.0
,,,,,76.0,70.0,88.0,84.0
,,,,,413.0,393.0,416.0,414.0
,,,,,525.0,510.0,608.0,605.0
,,,,,130.0,117.0,126.0,120.0
,,,,,557.0,552.0,503.0,510.0
,,,,,576.0,586.0,596.0,599.0
,,,,,240.0,230.0,147.0,141.0
,,,,,45.0,46.0,50.0,57.0
,,,,,211.0,217.0,278.0,282.0
,,,,,484.0,490.0,370.0,378.0
,,,,,87.0,87.0,109.0,114.0
,,,,,469.0,441.0,573.0,562.0
,,,,,518.0,504.0,382.0,391.0
,,,,,38.0,41.0,30.0,28.0
,,,,,448.0,415.0,461.0,408.0
,,,,,600.0,593.0,632.0,631.0
,,,,,334.0,321.0,250.0,280.0
,,,,,372.0,367.0,445.0,455.0
,,,,,359.0,372.0,422.0,430.0
,,,,,356.0,341.0,390.0,369.0
,,,,,40.0,37.0,37.0,33.0
,,,,,129.0,126.0,123.0,126.0
,,,,,,,,
,,,,,426.0,473.0,432.0,444.0
,,,,,365.0,433.0,530.0,564.0
,,,,,454.0,435.0,546.0,533.0
,,,,,635.0,635.0,175.0,204.0
,,,,,195.0,165.0,122.0,115.0
,,,,,511.0,505.0,466.0,457.0
,,,,,169.0,181.0,82.0,75.0
,,,,,383.0,434.0,492.0,542.0
,,,,,197.0,220.0,131.0,144.0
,,,,,222.0,225.0,195.0,199.0
,,,,,176.0,201.0,352.0,394.0
,,,,,328.0,330.0,398.0,399.0
,,,,,270.0,289.0,217.0,230.0
,,,,,162.0,167.0,137.0,135.0
,,,,,354.0,374.0,335.0,388.0
,,,,,470.0,471.0,479.0,476.0
,,,,,389.0,377.0,379.0,373.0
,,,,,137.0,128.0,251.0,245.0
,,,,,445.0,458.0,552.0,570.0
,,,,,368.0,376.0,209.0,228.0
,,,,,296.0,318.0,230.0,229.0
,,,,,278.0,279.0,238.0,256.0
,,,,,591.0,583.0,627.0,626.0
,,,,,603.0,615.0,621.0,619.0
,,,,,168.0,161.0,247.0,237.0
,,,,,35.0,23.0,103.0,95.0
,,,,,596.0,594.0,614.0,615.0
,,,,,542.0,548.0,571.0,568.0
,,,,,350.0,352.0,298.0,285.0
,,,,,410.0,400.0,354.0,334.0
,,,,,105.0,84.0,63.0,59.0
,,,,,,,,
,,,,,42.0,40.0,45.0,40.0
,,,,,60.0,59.0,104.0,105.0
,,,,,483.0,492.0,498.0,498.0
,,,,,366.0,357.0,455.0,459.0
,,,,,302.0,300.0,253.0,242.0
,,,,,558.0,562.0,594.0,593.0
,,,,,281.0,286.0,290.0,298.0
,,,,,438.0,429.0,434.0,423.0
,,,,,357.0,348.0,447.0,449.0
,,,,,244.0,244.0,270.0,239.0
,,,,,608.0,607.0,599.0,600.0
,,,,,379.0,394.0,419.0,431.0
,,,,,473.0,468.0,408.0,422.0
,,,,,78.0,71.0,128.0,128.0
,,,,,408.0,412.0,420.0,420.0
,,,,,367.0,360.0,375.0,355.0
,,,,,226.0,252.0,165.0,176.0
,,,,,632.0,627.0,188.0,188.0
,,,,,584.0,589.0,581.0,578.0
,,,,,421.0,414.0,454.0,440.0
,,,,,275.0,264.0,441.0,425.0
,,,,,544.0,542.0,421.0,418.0
,,,,,219.0,242.0,350.0,402.0
,,,,,579.0,574.0,597.0,597.0
,,,,,252.0,251.0,204.0,192.0
,,,,,83.0,80.0,119.0,122.0
,,,,,381.0,391.0,359.0,398.0
,,,,,194.0,192.0,329.0,323.0
,,,,,216.0,228.0,159.0,171.0
,,,,,514.0,500.0,519.0,500.0
,,,,,486.0,475.0,521.0,511.0
,,,,,61.0,75.0,42.0,50.0
,,,,,428.0,419.0,539.0,545.0
,,,,,560.0,569.0,590.0,594.0
,,,,,179.0,175.0,312.0,318.0
,,,,,101.0,99.0,191.0,195.0
,,,,,58.0,63.0,58.0,58.0
,,,,,437.0,447.0,470.0,475.0
,,,,,208.0,197.0,319.0,332.0
,,,,,322.0,309.0,435.0,428.0
,,,,,100.0,94.0,96.0,81.0
,,,,,562.0,579.0,639.0,640.0
,,,,,31.0,24.0,48.0,41.0
,,,,,475.0,477.0,506.0,517.0
,,,,,371.0,379.0,307.0,311.0
,,,,,485.0,503.0,431.0,462.0
,,,,,6.0,7.0,94.0,100.0
,,,,,398.0,390.0,396.0,377.0
,,,,,123.0,100.0,515.0,515.0
,,,,,55.0,49.0,115.0,117.0
,,,,,300.0,319.0,285.0,302.0
,,,,,586.0,577.0,514.0,497.0
,,,,,213.0,186.0,333.0,349.0
,,,,,25.0,28.0,39.0,48.0
,,,,,151.0,144.0,132.0,116.0
,,,,,476.0,467.0,227.0,257.0
,,,,,84.0,86.0,166.0,165.0
,,,,,64.0,76.0,44.0,51.0
,,,,,255.0,256.0,245.0,250.0
,,,,,156.0,140.0,189.0,205.0
,,,,,283.0,281.0,248.0,254.0
,,,,,629.0,630.0,645.0,646.0
,,,,,566.0,563.0,584.0,579.0
,,,,,,,648.0,648.0
,,,,,466.0,449.0,426.0,410.0
,,,,,27.0,27.0,23.0,24.0
,,,,,592.0,591.0,587.0,592.0
,,,,,611.0,605.0,593.0,590.0
,,,,,456.0,459.0,510.0,531.0
,,,,,634.0,633.0,314.0,260.0
,,,,,248.0,235.0,277.0,262.0
,,,,,77.0,64.0,62.0,45.0
,,,,,474.0,464.0,493.0,496.0
,,,,,451.0,457.0,378.0,397.0
,,,,,343.0,343.0,444.0,443.0
,,,,,178.0,174.0,377.0,354.0
,,,,,374.0,387.0,449.0,454.0
,,,,,181.0,188.0,216.0,233.0
,,,,,631.0,634.0,440.0,450.0
,,,,,,,647.0,645.0
,,,,,463.0,466.0,513.0,521.0
,,,,,44.0,42.0,55.0,60.0
,,,,,612.0,609.0,586.0,588.0
,,,,,526.0,533.0,47.0,63.0
,,,,,497.0,515.0,533.0,536.0
,,,,,4.0,4.0,11.0,11.0
,,,,,301.0,302.0,219.0,212.0
,,,,,403.0,381.0,543.0,528.0
,,,,,73.0,78.0,60.0,64.0
,,,,,229.0,223.0,232.0,220.0
,,,,,369.0,406.0,269.0,310.0
,,,,,246.0,253.0,266.0,264.0
,,,,,189.0,206.0,136.0,143.0
,,,,,,,342.0,393.0
,,,,,21.0,22.0,17.0,16.0
,,,,,619.0,618.0,507.0,535.0
,,,,,289.0,284.0,323.0,330.0
,,,,,62.0,60.0,78.0,66.0
,,,,,361.0,355.0,397.0,400.0
,,,,,446.0,443.0,450.0,451.0
,,,,,94.0,101.0,101.0,107.0
,,,,,505.0,501.0,488.0,492.0
,,,,,165.0,160.0,177.0,173.0
,,,,,126.0,118.0,116.0,110.0
,,,,,461.0,469.0,313.0,305.0
,,,,,409.0,397.0,331.0,324.0
,,,,,177.0,164.0,402.0,380.0
,,,,,347.0,335.0,529.0,507.0
,,,,,175.0,168.0,205.0,198.0
,,,,,480.0,493.0,414.0,416.0
,,,,,2.0,2.0,16.0,19.0
,,,,,88.0,91.0,95.0,88.0
,,,,,116.0,115.0,158.0,155.0
,,,,,492.0,407.0,325.0,361.0
,,,,,303.0,299.0,295.0,286.0
,,,,,394.0,417.0,425.0,452.0
,,,,,108.0,105.0,155.0,149.0
,,,,,124.0,130.0,202.0,208.0
,,,,,580.0,585.0,634.0,632.0
,,,,,392.0,373.0,388.0,389.0
,,,,,393.0,389.0,259.0,234.0
,,,,,288.0,332.0,286.0,344.0
,,,,,435.0,431.0,549.0,544.0
,,,,,577.0,575.0,551.0,539.0
,,,,,500.0,496.0,458.0,470.0
,,,,,10.0,8.0,7.0,6.0
,,,,,52.0,53.0,26.0,25.0
,,,,,233.0,278.0,485.0,488.0
,,,,,291.0,255.0,256.0,240.0
,,,,,,,210.0,279.0
,,,,,324.0,308.0,316.0,326.0
,,,,,436.0,421.0,424.0,415.0
,,,,,442.0,442.0,182.0,162.0
,,,,,18.0,17.0,19.0,17.0
,,,,,121.0,113.0,168.0,169.0
,,,,,326.0,331.0,358.0,353.0
,,,,,19.0,18.0,14.0,14.0
,,,,,491.0,476.0,291.0,299.0
,,,,,545.0,538.0,580.0,583.0
,,,,,345.0,345.0,332.0,345.0
,,,,,561.0,578.0,111.0,124.0
,,,,,540.0,545.0,612.0,608.0
,,,,,34.0,35.0,29.0,34.0
,,,,,477.0,485.0,499.0,494.0
,,,,,269.0,272.0,157.0,181.0
,,,,,37.0,51.0,36.0,44.0
,,,,,490.0,486.0,553.0,551.0
,,,,,99.0,119.0,124.0,129.0
,,,,,467.0,454.0,501.0,489.0
